round_epochs,loss,acc,val_loss,val_acc,batch_size,dec_layers,dropout,enc_activation,enc_dim,enc_layers,epochs,last_activation,loss,lr,optimizer,weight_regulizer
100,0.2822152935406741,0.0,0.3098760451356026,0.006849315,16,[128, 256],0.16,sigmoid,32,[512, 256],100,softmax,mse,0.1,<class 'tensorflow.python.keras.optimizer_v2.adam.Adam'>,None
100,0.07739416588755214,0.0,0.07480566030087536,0.006849315,64,[512],0.32,sigmoid,16,[256],100,sigmoid,mse,6.04,<class 'tensorflow.python.keras.optimizer_v2.nadam.Nadam'>,None
100,0.2822043783524457,0.0,0.3098391380212078,0.006849315,128,[256, 512],0.32,relu,16,[512],100,softmax,mse,0.1,<class 'tensorflow.python.keras.optimizer_v2.nadam.Nadam'>,None
100,0.2822256954277263,0.0029411765,0.3098733723163605,0.0,256,[256],0.36,sigmoid,16,[256, 128],100,softmax,mse,7.03,<class 'tensorflow.python.keras.optimizer_v2.nadam.Nadam'>,None
100,0.07721597920445834,0.0029411765,0.07449726015329361,0.006849315,256,[256],0.04,relu,128,[512],100,sigmoid,mse,9.01,<class 'tensorflow.python.keras.optimizer_v2.nadam.Nadam'>,None
100,3.2482072577756993,0.0012380301,3.490164012125094,0.0008866943,16,[256, 512],0.28,relu,32,[512, 256],100,softmax,binary_crossentropy,1.09,<class 'tensorflow.python.keras.optimizer_v2.adam.Adam'>,None
100,0.28220457995639125,0.005882353,0.30986690521240234,0.0,256,[128, 256],0.28,sigmoid,64,[512],100,softmax,mse,3.0700000000000003,<class 'tensorflow.python.keras.optimizer_v2.nadam.Nadam'>,None
100,0.06707507025669603,0.0029411765,0.07590527097656302,0.0,128,[512],0.28,sigmoid,16,[512],100,sigmoid,mse,6.04,<class 'tensorflow.python.keras.optimizer_v2.adam.Adam'>,None
100,0.6886757668326883,0.0012380301,0.6955822216321345,0.00088669424,128,[256],0.28,relu,128,[512, 256],100,sigmoid,binary_crossentropy,4.0600000000000005,<class 'tensorflow.python.keras.optimizer_v2.nadam.Nadam'>,None
100,0.28221473202985875,0.0,0.30987736786881537,0.0,64,[256],0.2,relu,32,[256, 128],100,softmax,mse,6.04,<class 'tensorflow.python.keras.optimizer_v2.nadam.Nadam'>,None
100,3.248207546682919,0.0012380301,3.49015212059021,0.0008866943,256,[128, 256],0.12,relu,128,[256, 128],100,softmax,binary_crossentropy,4.0600000000000005,<class 'tensorflow.python.keras.optimizer_v2.nadam.Nadam'>,None
100,0.6887140547527987,0.00123803,0.6950798524569158,0.00088669424,16,[256],0.04,relu,32,[256],100,sigmoid,binary_crossentropy,8.020000000000001,<class 'tensorflow.python.keras.optimizer_v2.adam.Adam'>,None
100,0.2821155200986301,0.011764706,0.3097836383401531,0.0,64,[256, 512],0.12,relu,16,[256],100,softmax,mse,0.1,<class 'tensorflow.python.keras.optimizer_v2.nadam.Nadam'>,None
100,0.03001052656156175,0.0,0.03036653809249401,0.0,256,[256],0.24,sigmoid,16,[512, 256],100,sigmoid,mse,1.09,<class 'tensorflow.python.keras.optimizer_v2.nadam.Nadam'>,None
100,0.2822243697503034,0.0029411765,0.3098612092945674,0.0,64,[256, 512],0.2,relu,64,[256, 128],100,softmax,mse,0.1,<class 'tensorflow.python.keras.optimizer_v2.adam.Adam'>,None
100,0.6482180371003993,0.001383949,0.6506624278956896,0.0007805034,128,[512],0.2,sigmoid,64,[512],100,sigmoid,binary_crossentropy,5.05,<class 'tensorflow.python.keras.optimizer_v2.adam.Adam'>,None
100,3.248212632010965,0.0012380301,3.4901998043060303,0.0008866943,256,[512],0.0,relu,128,[512, 256],100,softmax,binary_crossentropy,9.01,<class 'tensorflow.python.keras.optimizer_v2.nadam.Nadam'>,None
100,0.2821840927881353,0.0029411765,0.30985766649246216,0.0,256,[128, 256],0.32,sigmoid,16,[512],100,softmax,mse,8.020000000000001,<class 'tensorflow.python.keras.optimizer_v2.nadam.Nadam'>,None
100,0.28222051858901975,0.0,0.3098834455013275,0.0,256,[256],0.32,relu,128,[512, 256],100,softmax,mse,8.020000000000001,<class 'tensorflow.python.keras.optimizer_v2.nadam.Nadam'>,None
100,0.2829735720858854,0.0029411765,0.31063301840873614,0.0,128,[512],0.2,sigmoid,32,[512],100,softmax,mse,6.04,<class 'tensorflow.python.keras.optimizer_v2.nadam.Nadam'>,None
100,0.6097559255712173,0.001379389,0.6271923829431403,0.0007858129,128,[128, 256],0.24,relu,16,[512],100,sigmoid,binary_crossentropy,0.1,<class 'tensorflow.python.keras.optimizer_v2.adam.Adam'>,None
100,0.6171614057877485,0.0013885088,0.6321684718132019,0.0008070511,256,[128, 256],0.2,sigmoid,128,[256],100,sigmoid,binary_crossentropy,4.0600000000000005,<class 'tensorflow.python.keras.optimizer_v2.adam.Adam'>,None
100,3.2482287266675165,0.0012380301,3.490161069451946,0.00088669424,128,[256],0.32,sigmoid,16,[512, 256],100,softmax,binary_crossentropy,5.05,<class 'tensorflow.python.keras.optimizer_v2.nadam.Nadam'>,None
100,0.6885895034846138,0.0012380301,0.6955022215843201,0.0008866943,256,[256],0.12,sigmoid,32,[512, 256],100,sigmoid,binary_crossentropy,9.01,<class 'tensorflow.python.keras.optimizer_v2.adam.Adam'>,None
100,3.2482002959531897,0.0012380301,3.4901563957945942,0.0008866943,128,[256],0.08,sigmoid,128,[512],100,softmax,binary_crossentropy,4.0600000000000005,<class 'tensorflow.python.keras.optimizer_v2.adam.Adam'>,None
100,0.07725637677837821,0.0,0.07401631027460098,0.006849315,256,[512],0.12,sigmoid,64,[512, 256],100,sigmoid,mse,7.03,<class 'tensorflow.python.keras.optimizer_v2.adam.Adam'>,None
100,0.609137749671936,0.0014341085,0.6286069750785828,0.00083359884,256,[256, 512],0.28,relu,64,[512],100,sigmoid,binary_crossentropy,0.1,<class 'tensorflow.python.keras.optimizer_v2.nadam.Nadam'>,None
100,0.2822134985643275,0.0,0.3098745048046112,0.0,256,[512],0.08,relu,16,[512],100,softmax,mse,8.020000000000001,<class 'tensorflow.python.keras.optimizer_v2.nadam.Nadam'>,None
100,0.6886284379398122,0.0012380301,0.6948811436352664,0.00088669424,128,[512],0.16,sigmoid,16,[512],100,sigmoid,binary_crossentropy,8.020000000000001,<class 'tensorflow.python.keras.optimizer_v2.adam.Adam'>,None
100,0.02285095909062554,0.0029411765,0.021806685432587583,0.0,64,[256],0.36,relu,64,[256, 128],100,sigmoid,mse,4.0600000000000005,<class 'tensorflow.python.keras.optimizer_v2.nadam.Nadam'>,None
100,0.07759852172697292,0.0029411765,0.07428886894493887,0.006849315,16,[256, 512],0.28,sigmoid,128,[512],100,sigmoid,mse,8.020000000000001,<class 'tensorflow.python.keras.optimizer_v2.nadam.Nadam'>,None
100,0.28221680381718806,0.0,0.3098764925786894,0.006849315,64,[128, 256],0.24,sigmoid,64,[256, 128],100,softmax,mse,0.1,<class 'tensorflow.python.keras.optimizer_v2.nadam.Nadam'>,None
100,3.2482323141659006,0.0012380301,3.490177951446951,0.00088669424,128,[256, 512],0.04,relu,64,[256, 128],100,softmax,binary_crossentropy,9.01,<class 'tensorflow.python.keras.optimizer_v2.nadam.Nadam'>,None
100,0.07725090638679617,0.0,0.07471258581092913,0.006849315,16,[128, 256],0.2,sigmoid,64,[256, 128],100,sigmoid,mse,3.0700000000000003,<class 'tensorflow.python.keras.optimizer_v2.nadam.Nadam'>,None
100,0.5786939031937544,0.0013565891,0.5886779060102489,0.0008229797,16,[128, 256],0.2,sigmoid,32,[512, 256],100,sigmoid,binary_crossentropy,1.09,<class 'tensorflow.python.keras.optimizer_v2.adam.Adam'>,None
100,3.2482492082259236,0.0012380301,3.4901761486105722,0.00088669424,16,[256, 512],0.28,sigmoid,128,[256],100,softmax,binary_crossentropy,5.05,<class 'tensorflow.python.keras.optimizer_v2.adam.Adam'>,None
100,0.6886636158999275,0.00123803,0.6955606153566544,0.00088669424,16,[512],0.0,sigmoid,64,[512],100,sigmoid,binary_crossentropy,7.03,<class 'tensorflow.python.keras.optimizer_v2.adam.Adam'>,None
100,0.07720343041069368,0.0,0.07445716857910156,0.006849315,256,[256, 512],0.36,sigmoid,64,[256, 128],100,sigmoid,mse,9.01,<class 'tensorflow.python.keras.optimizer_v2.adam.Adam'>,None
100,0.6887973224415499,0.0012380301,0.6944706439971924,0.0008866943,256,[128, 256],0.36,relu,64,[256, 128],100,sigmoid,binary_crossentropy,7.03,<class 'tensorflow.python.keras.optimizer_v2.nadam.Nadam'>,None
100,0.2829877117100884,0.0,0.3106242050863292,0.0,16,[512],0.08,sigmoid,16,[256],100,softmax,mse,4.0600000000000005,<class 'tensorflow.python.keras.optimizer_v2.nadam.Nadam'>,None
100,0.2820817007738001,0.00882353,0.3097743269515364,0.0,16,[256],0.28,sigmoid,64,[256],100,softmax,mse,2.08,<class 'tensorflow.python.keras.optimizer_v2.nadam.Nadam'>,None
100,0.07736557748387841,0.0029411765,0.07331089573363735,0.0,128,[256, 512],0.12,sigmoid,16,[512],100,sigmoid,mse,8.020000000000001,<class 'tensorflow.python.keras.optimizer_v2.adam.Adam'>,None
100,0.0772411477916381,0.0,0.0744583547523577,0.006849315,16,[512],0.0,relu,16,[512, 256],100,sigmoid,mse,9.01,<class 'tensorflow.python.keras.optimizer_v2.adam.Adam'>,None
100,0.5733112994362326,0.0014044688,0.5866363236348923,0.0008176702,128,[512],0.16,relu,128,[256, 128],100,sigmoid,binary_crossentropy,2.08,<class 'tensorflow.python.keras.optimizer_v2.nadam.Nadam'>,None
100,3.248212427251479,0.00123803,3.4901502426356483,0.00088669424,64,[512],0.04,relu,64,[512],100,softmax,binary_crossentropy,7.03,<class 'tensorflow.python.keras.optimizer_v2.adam.Adam'>,None
100,0.2822145760059357,0.0029411765,0.30987564566200726,0.006849315,16,[128, 256],0.2,relu,32,[512],100,softmax,mse,8.020000000000001,<class 'tensorflow.python.keras.optimizer_v2.nadam.Nadam'>,None
100,0.6104778387967278,0.0013497492,0.591796194037346,0.0008017415,128,[256, 512],0.24,sigmoid,32,[512],100,sigmoid,binary_crossentropy,1.09,<class 'tensorflow.python.keras.optimizer_v2.nadam.Nadam'>,None
100,3.2477977191700655,0.0012380301,3.490173816680908,0.0008866943,256,[128, 256],0.04,relu,128,[256],100,softmax,binary_crossentropy,3.0700000000000003,<class 'tensorflow.python.keras.optimizer_v2.nadam.Nadam'>,None
100,0.5622032424982857,0.0016461468,0.5804853798591927,0.00083890837,64,[128, 256],0.24,relu,16,[256, 128],100,sigmoid,binary_crossentropy,4.0600000000000005,<class 'tensorflow.python.keras.optimizer_v2.adam.Adam'>,None
100,0.2822138533872717,0.0,0.3098766505718231,0.0,256,[256, 512],0.0,sigmoid,32,[256, 128],100,softmax,mse,4.0600000000000005,<class 'tensorflow.python.keras.optimizer_v2.adam.Adam'>,None
100,0.029013041384956417,0.0,0.028357192414672407,0.0,128,[128, 256],0.24,sigmoid,16,[256, 128],100,sigmoid,mse,0.1,<class 'tensorflow.python.keras.optimizer_v2.nadam.Nadam'>,None
100,0.07721053624854368,0.0,0.07429540157318115,0.006849315,256,[256, 512],0.24,sigmoid,32,[256],100,sigmoid,mse,8.020000000000001,<class 'tensorflow.python.keras.optimizer_v2.adam.Adam'>,None
100,0.6864052807583528,0.0012904697,0.6946904063224792,0.0008866943,256,[128, 256],0.0,relu,128,[512],100,sigmoid,binary_crossentropy,7.03,<class 'tensorflow.python.keras.optimizer_v2.nadam.Nadam'>,None
100,0.5452419547473684,0.001876425,0.5751498153764908,0.0008282893,128,[256],0.12,relu,128,[512, 256],100,sigmoid,binary_crossentropy,4.0600000000000005,<class 'tensorflow.python.keras.optimizer_v2.adam.Adam'>,None
100,3.248212054196526,0.0012380301,3.49018931388855,0.0008866943,256,[512],0.08,relu,32,[256],100,softmax,binary_crossentropy,7.03,<class 'tensorflow.python.keras.optimizer_v2.nadam.Nadam'>,None
100,3.248222693275003,0.00123803,3.490156167174039,0.0008866943,128,[256],0.04,sigmoid,64,[256, 128],100,softmax,binary_crossentropy,9.01,<class 'tensorflow.python.keras.optimizer_v2.nadam.Nadam'>,None
100,0.2830015995923211,0.0,0.3106293992636955,0.0,128,[512],0.36,relu,128,[512],100,softmax,mse,7.03,<class 'tensorflow.python.keras.optimizer_v2.nadam.Nadam'>,None
100,3.248274197297938,0.0012380299,3.490179532194791,0.0008866943,16,[256],0.2,relu,32,[512],100,softmax,binary_crossentropy,3.0700000000000003,<class 'tensorflow.python.keras.optimizer_v2.nadam.Nadam'>,None
100,3.2482149516834933,0.00123803,3.490179231722061,0.0008866943,64,[128, 256],0.32,relu,32,[512, 256],100,softmax,binary_crossentropy,6.04,<class 'tensorflow.python.keras.optimizer_v2.adam.Adam'>,None
100,0.039078802966019684,0.0029411765,0.04386509914104253,0.0,128,[256],0.2,relu,128,[512],100,sigmoid,mse,0.1,<class 'tensorflow.python.keras.optimizer_v2.adam.Adam'>,None
100,0.28208364669014424,0.005882353,0.3097598128122826,0.006849315,64,[512],0.32,relu,128,[256],100,softmax,mse,5.05,<class 'tensorflow.python.keras.optimizer_v2.adam.Adam'>,None
100,3.244464666703168,0.0012380301,3.488165659447239,0.0008866943,16,[128, 256],0.08,sigmoid,32,[256],100,softmax,binary_crossentropy,4.0600000000000005,<class 'tensorflow.python.keras.optimizer_v2.adam.Adam'>,None
100,3.2482054542092715,0.00123803,3.4901673793792725,0.0008866943,256,[256, 512],0.16,relu,128,[256, 128],100,softmax,binary_crossentropy,6.04,<class 'tensorflow.python.keras.optimizer_v2.adam.Adam'>,None
100,0.6887631079729866,0.0012380299,0.6956185861809613,0.0008866943,16,[256],0.16,relu,16,[512, 256],100,sigmoid,binary_crossentropy,7.03,<class 'tensorflow.python.keras.optimizer_v2.adam.Adam'>,None
100,0.28213905621977414,0.0029411765,0.3098213117416591,0.0,64,[256],0.12,sigmoid,16,[512, 256],100,softmax,mse,7.03,<class 'tensorflow.python.keras.optimizer_v2.adam.Adam'>,None
100,3.248128885381362,0.00123803,3.490181949040661,0.00088669424,128,[128, 256],0.04,sigmoid,64,[512, 256],100,softmax,binary_crossentropy,2.08,<class 'tensorflow.python.keras.optimizer_v2.adam.Adam'>,None
100,0.6886273825869841,0.00123803,0.6954189710421105,0.00088669424,128,[256],0.36,relu,32,[512, 256],100,sigmoid,binary_crossentropy,6.04,<class 'tensorflow.python.keras.optimizer_v2.adam.Adam'>,None
100,3.2378825187683105,0.00123803,3.489130052801681,0.0008866943,64,[512],0.0,relu,64,[512],100,softmax,binary_crossentropy,1.09,<class 'tensorflow.python.keras.optimizer_v2.adam.Adam'>,None
100,0.2821245452936958,0.0029411765,0.3098205291245082,0.0,16,[256],0.24,sigmoid,128,[256, 128],100,softmax,mse,7.03,<class 'tensorflow.python.keras.optimizer_v2.adam.Adam'>,None
100,0.2821472911273732,0.0029411765,0.309797954477676,0.006849315,64,[256],0.16,relu,16,[256],100,softmax,mse,3.0700000000000003,<class 'tensorflow.python.keras.optimizer_v2.nadam.Nadam'>,None
100,0.026467347035513206,0.0029411765,0.025964459404349327,0.0,256,[256, 512],0.32,sigmoid,64,[512, 256],100,sigmoid,mse,1.09,<class 'tensorflow.python.keras.optimizer_v2.adam.Adam'>,None
100,3.2296113098368924,0.0012380301,3.4849689366066294,0.0008866943,16,[256, 512],0.28,relu,64,[512],100,softmax,binary_crossentropy,0.1,<class 'tensorflow.python.keras.optimizer_v2.adam.Adam'>,None
100,0.57490114885218,0.0013976288,0.5860102046025942,0.00079643197,128,[512],0.36,sigmoid,128,[256],100,sigmoid,binary_crossentropy,0.1,<class 'tensorflow.python.keras.optimizer_v2.nadam.Nadam'>,None
100,0.2821783258634455,0.0029411765,0.30985137820243835,0.006849315,256,[256],0.36,sigmoid,128,[512, 256],100,softmax,mse,3.0700000000000003,<class 'tensorflow.python.keras.optimizer_v2.nadam.Nadam'>,None
100,0.2822146552450517,0.0,0.30987704820828893,0.006849315,128,[256],0.36,sigmoid,64,[256, 128],100,softmax,mse,2.08,<class 'tensorflow.python.keras.optimizer_v2.adam.Adam'>,None
100,0.2822151902843924,0.0,0.3098772225314624,0.006849315,64,[256, 512],0.0,sigmoid,32,[512, 256],100,softmax,mse,0.1,<class 'tensorflow.python.keras.optimizer_v2.nadam.Nadam'>,None
100,0.6888309450710521,0.00123803,0.6948674525300117,0.0008866944,16,[256],0.04,sigmoid,32,[512],100,sigmoid,binary_crossentropy,7.03,<class 'tensorflow.python.keras.optimizer_v2.nadam.Nadam'>,None
100,3.2482039760140813,0.0012380301,3.490144968032837,0.0008866943,256,[512],0.04,relu,64,[256],100,softmax,binary_crossentropy,6.04,<class 'tensorflow.python.keras.optimizer_v2.adam.Adam'>,None
100,0.07725386277717702,0.0,0.0746479330405797,0.006849315,16,[512],0.28,relu,16,[256],100,sigmoid,mse,8.020000000000001,<class 'tensorflow.python.keras.optimizer_v2.adam.Adam'>,None
100,3.2482071006999296,0.0012380301,3.4901864528656006,0.0008866943,256,[256],0.04,relu,64,[256, 128],100,softmax,binary_crossentropy,6.04,<class 'tensorflow.python.keras.optimizer_v2.adam.Adam'>,None
100,3.248202486599193,0.0012380301,3.4901654720306396,0.0008866943,256,[512],0.24,relu,16,[512],100,softmax,binary_crossentropy,5.05,<class 'tensorflow.python.keras.optimizer_v2.adam.Adam'>,None
100,0.006035127715371988,0.005882353,0.018771385467828135,0.0,64,[512],0.24,relu,128,[256],100,sigmoid,mse,5.05,<class 'tensorflow.python.keras.optimizer_v2.adam.Adam'>,None
100,3.2483747959136964,0.0012380301,3.490204637997771,0.00088669424,16,[512],0.08,sigmoid,16,[512, 256],100,softmax,binary_crossentropy,9.01,<class 'tensorflow.python.keras.optimizer_v2.nadam.Nadam'>,None
100,0.282980773378821,0.0,0.3106534779071808,0.0,256,[512],0.0,sigmoid,16,[512],100,softmax,mse,6.04,<class 'tensorflow.python.keras.optimizer_v2.nadam.Nadam'>,None
100,0.5698859376065871,0.0013907888,0.5844107719316874,0.0007592651,128,[256],0.04,sigmoid,32,[512],100,sigmoid,binary_crossentropy,4.0600000000000005,<class 'tensorflow.python.keras.optimizer_v2.adam.Adam'>,None
100,3.248210059895235,0.0012380301,3.4901680619749302,0.0008866943,128,[512],0.28,relu,64,[512, 256],100,softmax,binary_crossentropy,3.0700000000000003,<class 'tensorflow.python.keras.optimizer_v2.nadam.Nadam'>,None
100,0.2822145346332999,0.005882353,0.309876606480716,0.006849315,128,[256, 512],0.2,relu,16,[512],100,softmax,mse,3.0700000000000003,<class 'tensorflow.python.keras.optimizer_v2.nadam.Nadam'>,None
100,0.041512167234631143,0.0029411765,0.0420551682273819,0.0,128,[512],0.28,relu,64,[512],100,sigmoid,mse,0.1,<class 'tensorflow.python.keras.optimizer_v2.adam.Adam'>,None
100,0.5866979304481955,0.0013520292,0.607075665095081,0.00079112244,128,[256, 512],0.24,sigmoid,32,[256, 128],100,sigmoid,binary_crossentropy,5.05,<class 'tensorflow.python.keras.optimizer_v2.adam.Adam'>,None
100,0.0775689464281587,0.0,0.07391852344552131,0.006849315,16,[512],0.04,sigmoid,64,[512, 256],100,sigmoid,mse,9.01,<class 'tensorflow.python.keras.optimizer_v2.nadam.Nadam'>,None
100,3.2482010532827936,0.0012380301,3.4901533126831055,0.0008866943,256,[512],0.08,sigmoid,32,[512],100,softmax,binary_crossentropy,6.04,<class 'tensorflow.python.keras.optimizer_v2.adam.Adam'>,None
100,3.248270374185899,0.0012380301,3.490167506753582,0.0008866943,64,[128, 256],0.24,sigmoid,16,[512, 256],100,softmax,binary_crossentropy,9.01,<class 'tensorflow.python.keras.optimizer_v2.nadam.Nadam'>,None
100,0.07728894028593512,0.0,0.07393663376569748,0.006849315,256,[256, 512],0.32,relu,16,[256],100,sigmoid,mse,3.0700000000000003,<class 'tensorflow.python.keras.optimizer_v2.nadam.Nadam'>,None
100,3.248223882562974,0.0012380301,3.490161271944438,0.00088669424,16,[256, 512],0.28,sigmoid,64,[512, 256],100,softmax,binary_crossentropy,1.09,<class 'tensorflow.python.keras.optimizer_v2.nadam.Nadam'>,None
100,3.2482139054466694,0.00123803,3.4901629800665868,0.00088669424,128,[256, 512],0.28,sigmoid,64,[256, 128],100,softmax,binary_crossentropy,6.04,<class 'tensorflow.python.keras.optimizer_v2.nadam.Nadam'>,None
100,0.2820490086779875,0.020588236,0.30973511607679605,0.0,16,[256],0.2,relu,32,[256, 128],100,softmax,mse,1.09,<class 'tensorflow.python.keras.optimizer_v2.nadam.Nadam'>,None
100,3.248201816222247,0.0012380301,3.4901721477508545,0.0008866943,256,[256],0.12,relu,128,[256],100,softmax,binary_crossentropy,3.0700000000000003,<class 'tensorflow.python.keras.optimizer_v2.nadam.Nadam'>,None
100,0.28220179536763357,0.0,0.309869452290339,0.0,64,[128, 256],0.16,relu,128,[512, 256],100,softmax,mse,6.04,<class 'tensorflow.python.keras.optimizer_v2.nadam.Nadam'>,None
100,0.6887027011198156,0.0012380301,0.6956667900085449,0.0008866943,256,[256, 512],0.12,sigmoid,16,[512, 256],100,sigmoid,binary_crossentropy,9.01,<class 'tensorflow.python.keras.optimizer_v2.nadam.Nadam'>,None
100,0.02690797746181488,0.0,0.02788689360022545,0.0,256,[512],0.36,sigmoid,128,[512, 256],100,sigmoid,mse,0.1,<class 'tensorflow.python.keras.optimizer_v2.nadam.Nadam'>,None
100,0.5695471041342791,0.0014021887,0.5829989738660316,0.00079112244,64,[256, 512],0.32,relu,128,[256, 128],100,sigmoid,binary_crossentropy,1.09,<class 'tensorflow.python.keras.optimizer_v2.nadam.Nadam'>,None
100,3.2482011682846967,0.0012380301,3.4901723861694336,0.0008866943,256,[256],0.12,relu,64,[256, 128],100,softmax,binary_crossentropy,4.0600000000000005,<class 'tensorflow.python.keras.optimizer_v2.adam.Adam'>,None
100,3.245599213768454,0.00123803,3.4886664233795583,0.0008866943,64,[128, 256],0.0,sigmoid,16,[512, 256],100,softmax,binary_crossentropy,4.0600000000000005,<class 'tensorflow.python.keras.optimizer_v2.adam.Adam'>,None
100,0.28224001211278577,0.0,0.30986105538394354,0.0,128,[512],0.08,relu,128,[512],100,softmax,mse,0.1,<class 'tensorflow.python.keras.optimizer_v2.adam.Adam'>,None
100,0.010155117522706003,0.011764706,0.01959439308369813,0.0,64,[128, 256],0.04,relu,128,[256, 128],100,sigmoid,mse,4.0600000000000005,<class 'tensorflow.python.keras.optimizer_v2.adam.Adam'>,None
100,0.6886572788743411,0.00123803,0.6953557133674622,0.0008866943,256,[256, 512],0.32,relu,16,[256, 128],100,sigmoid,binary_crossentropy,4.0600000000000005,<class 'tensorflow.python.keras.optimizer_v2.nadam.Nadam'>,None
100,0.28211779296398165,0.0029411765,0.3098004252126772,0.0,64,[512],0.0,relu,32,[512],100,softmax,mse,8.020000000000001,<class 'tensorflow.python.keras.optimizer_v2.adam.Adam'>,None
100,0.013634269081932656,0.011764706,0.018395774142995272,0.006849315,128,[256, 512],0.2,relu,32,[512, 256],100,sigmoid,mse,2.08,<class 'tensorflow.python.keras.optimizer_v2.adam.Adam'>,None
100,0.01791672763579032,0.005882353,0.02178911656166797,0.006849315,16,[512],0.24,relu,128,[512],100,sigmoid,mse,8.020000000000001,<class 'tensorflow.python.keras.optimizer_v2.adam.Adam'>,None
100,0.28214290212182436,0.005882353,0.3097792100416471,0.0,64,[128, 256],0.36,relu,32,[512],100,softmax,mse,3.0700000000000003,<class 'tensorflow.python.keras.optimizer_v2.nadam.Nadam'>,None
100,0.07729621976613998,0.0029411765,0.07467682435087962,0.006849315,128,[256],0.04,relu,32,[512],100,sigmoid,mse,9.01,<class 'tensorflow.python.keras.optimizer_v2.nadam.Nadam'>,None
100,0.07720676476464552,0.0,0.07439341396093369,0.006849315,256,[256, 512],0.0,sigmoid,16,[512, 256],100,sigmoid,mse,7.03,<class 'tensorflow.python.keras.optimizer_v2.adam.Adam'>,None
100,0.6880650225807639,0.0012380301,0.6948671340942383,0.0008866943,256,[128, 256],0.2,sigmoid,64,[256],100,sigmoid,binary_crossentropy,5.05,<class 'tensorflow.python.keras.optimizer_v2.nadam.Nadam'>,None
100,0.5633002154967364,0.001468308,0.5856593781954622,0.0008920037,16,[256],0.28,relu,64,[256, 128],100,sigmoid,binary_crossentropy,2.08,<class 'tensorflow.python.keras.optimizer_v2.nadam.Nadam'>,None
100,3.248242664337158,0.0012380301,3.4901582378230684,0.0008866943,64,[256, 512],0.32,sigmoid,128,[256, 128],100,softmax,binary_crossentropy,5.05,<class 'tensorflow.python.keras.optimizer_v2.nadam.Nadam'>,None
100,0.2822375146781697,0.0029411765,0.3098611945975317,0.0,64,[256],0.36,relu,16,[512, 256],100,softmax,mse,0.1,<class 'tensorflow.python.keras.optimizer_v2.adam.Adam'>,None
100,3.2482071680181166,0.0012380301,3.4901862144470215,0.0008866943,256,[128, 256],0.08,relu,128,[512],100,softmax,binary_crossentropy,7.03,<class 'tensorflow.python.keras.optimizer_v2.nadam.Nadam'>,None
100,0.6789531230926513,0.0012380301,0.6867196559906006,0.0008866943,256,[256],0.32,sigmoid,32,[512, 256],100,sigmoid,binary_crossentropy,0.1,<class 'tensorflow.python.keras.optimizer_v2.adam.Adam'>,None
100,3.2482509781332576,0.00123803,3.490163904346832,0.0008866943,16,[256, 512],0.08,sigmoid,32,[256],100,softmax,binary_crossentropy,7.03,<class 'tensorflow.python.keras.optimizer_v2.adam.Adam'>,None
100,0.04000816555584178,0.0029411765,0.06035432002621971,0.0,16,[256],0.24,sigmoid,16,[512],100,sigmoid,mse,6.04,<class 'tensorflow.python.keras.optimizer_v2.adam.Adam'>,None
100,0.568800638703739,0.0013679891,0.5821213060862398,0.00077519374,16,[256],0.0,relu,128,[512],100,sigmoid,binary_crossentropy,6.04,<class 'tensorflow.python.keras.optimizer_v2.adam.Adam'>,None
100,0.016430079222054167,0.0029411765,0.02482374263799762,0.0,16,[256, 512],0.28,relu,16,[256, 128],100,sigmoid,mse,3.0700000000000003,<class 'tensorflow.python.keras.optimizer_v2.adam.Adam'>,None
100,0.2822143817649168,0.0029411765,0.30987601125077024,0.006849315,128,[128, 256],0.28,relu,128,[512],100,softmax,mse,8.020000000000001,<class 'tensorflow.python.keras.optimizer_v2.nadam.Nadam'>,None
100,0.0238888552193256,0.0,0.02341130845350762,0.0,64,[128, 256],0.08,sigmoid,16,[256],100,sigmoid,mse,2.08,<class 'tensorflow.python.keras.optimizer_v2.adam.Adam'>,None
100,3.2482268445632037,0.0012380301,3.4909136589259315,0.00088669424,64,[256, 512],0.24,sigmoid,64,[512],100,softmax,binary_crossentropy,6.04,<class 'tensorflow.python.keras.optimizer_v2.nadam.Nadam'>,None
100,0.02228479564518613,0.0,0.021921490012884955,0.0,16,[128, 256],0.32,relu,64,[512, 256],100,sigmoid,mse,7.03,<class 'tensorflow.python.keras.optimizer_v2.adam.Adam'>,None
100,3.2482003829058477,0.0012380301,3.4901636855243003,0.0008866943,128,[512],0.2,relu,16,[512, 256],100,softmax,binary_crossentropy,3.0700000000000003,<class 'tensorflow.python.keras.optimizer_v2.adam.Adam'>,None
100,0.07720364875653211,0.0,0.07441875338554382,0.006849315,256,[256],0.36,relu,16,[512, 256],100,sigmoid,mse,1.09,<class 'tensorflow.python.keras.optimizer_v2.nadam.Nadam'>,None
100,0.02489214362028767,0.0029411765,0.02595464410643055,0.0,128,[512],0.32,sigmoid,32,[256, 128],100,sigmoid,mse,5.05,<class 'tensorflow.python.keras.optimizer_v2.adam.Adam'>,None
100,0.28210145883700427,0.00882353,0.3097807581294073,0.0,64,[512],0.08,relu,64,[256, 128],100,softmax,mse,9.01,<class 'tensorflow.python.keras.optimizer_v2.adam.Adam'>,None
100,0.2820957204874824,0.005882353,0.3097569750596399,0.0,128,[512],0.28,relu,64,[256],100,softmax,mse,1.09,<class 'tensorflow.python.keras.optimizer_v2.adam.Adam'>,None
100,0.2821850731092341,0.0029411765,0.30986055731773376,0.0,256,[128, 256],0.28,relu,16,[512],100,softmax,mse,5.05,<class 'tensorflow.python.keras.optimizer_v2.nadam.Nadam'>,None
100,0.6886207517455606,0.0012380301,0.6953502991428114,0.00088669424,128,[256],0.04,relu,16,[256, 128],100,sigmoid,binary_crossentropy,7.03,<class 'tensorflow.python.keras.optimizer_v2.nadam.Nadam'>,None
100,0.2822035393294166,0.0029411765,0.31009655251894913,0.0,128,[256, 512],0.16,relu,128,[256, 128],100,softmax,mse,6.04,<class 'tensorflow.python.keras.optimizer_v2.nadam.Nadam'>,None
100,3.2482870298273423,0.0012380301,3.490238855962884,0.0008866943,64,[256, 512],0.28,sigmoid,16,[512],100,softmax,binary_crossentropy,9.01,<class 'tensorflow.python.keras.optimizer_v2.nadam.Nadam'>,None
100,0.6887020728167366,0.00123803,0.6951429843902588,0.00088669424,16,[512],0.24,sigmoid,16,[512],100,sigmoid,binary_crossentropy,8.020000000000001,<class 'tensorflow.python.keras.optimizer_v2.adam.Adam'>,None
100,0.0772668052245589,0.0029411765,0.0743402337578878,0.0,16,[256, 512],0.0,sigmoid,128,[512, 256],100,sigmoid,mse,9.01,<class 'tensorflow.python.keras.optimizer_v2.adam.Adam'>,None
100,0.0772624626317445,0.0,0.07448243951960785,0.006849315,64,[256, 512],0.12,sigmoid,64,[512, 256],100,sigmoid,mse,5.05,<class 'tensorflow.python.keras.optimizer_v2.nadam.Nadam'>,None
100,0.688616504388697,0.0012380301,0.6953040222599082,0.00088669424,128,[512],0.24,sigmoid,64,[256, 128],100,sigmoid,binary_crossentropy,3.0700000000000003,<class 'tensorflow.python.keras.optimizer_v2.nadam.Nadam'>,None
100,0.022153125571853973,0.0,0.02167733370849531,0.0,128,[128, 256],0.32,relu,32,[512],100,sigmoid,mse,4.0600000000000005,<class 'tensorflow.python.keras.optimizer_v2.adam.Adam'>,None
100,0.6886110908844891,0.0012380301,0.6954406222251996,0.0008866943,64,[512],0.12,sigmoid,64,[256],100,sigmoid,binary_crossentropy,9.01,<class 'tensorflow.python.keras.optimizer_v2.adam.Adam'>,None
100,0.07729948320809532,0.0,0.07402841746807098,0.006849315,256,[512],0.12,relu,32,[256],100,sigmoid,mse,5.05,<class 'tensorflow.python.keras.optimizer_v2.nadam.Nadam'>,None
100,0.28209917089518377,0.00882353,0.30977569949137024,0.006849315,128,[128, 256],0.24,relu,64,[256, 128],100,softmax,mse,8.020000000000001,<class 'tensorflow.python.keras.optimizer_v2.adam.Adam'>,None
100,0.6888950993033016,0.00123803,0.6955563646473296,0.0008866943,16,[256, 512],0.0,sigmoid,16,[512],100,sigmoid,binary_crossentropy,9.01,<class 'tensorflow.python.keras.optimizer_v2.adam.Adam'>,None
100,3.2482014543869915,0.0012380301,3.4901475775731754,0.0008866943,64,[128, 256],0.24,relu,16,[512, 256],100,softmax,binary_crossentropy,1.09,<class 'tensorflow.python.keras.optimizer_v2.adam.Adam'>,None
100,0.07717916606103672,0.0,0.07486005872488022,0.006849315,256,[256],0.12,sigmoid,128,[512, 256],100,sigmoid,mse,6.04,<class 'tensorflow.python.keras.optimizer_v2.nadam.Nadam'>,None
100,3.2482102197759293,0.0012380301,3.490157620547569,0.0008866943,64,[256],0.16,relu,128,[512],100,softmax,binary_crossentropy,5.05,<class 'tensorflow.python.keras.optimizer_v2.adam.Adam'>,None
100,0.5749573868863723,0.0013588691,0.5928675997747134,0.0008017415,64,[256],0.04,sigmoid,16,[256, 128],100,sigmoid,binary_crossentropy,6.04,<class 'tensorflow.python.keras.optimizer_v2.adam.Adam'>,None
100,3.2482399014865653,0.0012380301,3.4901840131576747,0.00088669424,64,[512],0.04,relu,16,[512, 256],100,softmax,binary_crossentropy,4.0600000000000005,<class 'tensorflow.python.keras.optimizer_v2.nadam.Nadam'>,None
100,3.2482074372908647,0.0012380301,3.4901883602142334,0.0008866943,256,[128, 256],0.08,relu,16,[256],100,softmax,binary_crossentropy,2.08,<class 'tensorflow.python.keras.optimizer_v2.nadam.Nadam'>,None
100,0.28221361812423257,0.005882353,0.30987459421157837,0.0,256,[256, 512],0.08,relu,32,[512],100,softmax,mse,7.03,<class 'tensorflow.python.keras.optimizer_v2.nadam.Nadam'>,None
100,0.2822173854883979,0.0029411765,0.3098774254322052,0.0,256,[256],0.32,sigmoid,16,[512],100,softmax,mse,2.08,<class 'tensorflow.python.keras.optimizer_v2.adam.Adam'>,None
100,3.248201322555542,0.00123803,3.49016487108518,0.00088669424,128,[512],0.08,relu,32,[256],100,softmax,binary_crossentropy,6.04,<class 'tensorflow.python.keras.optimizer_v2.adam.Adam'>,None
100,0.07720603180282257,0.0,0.07436166703701019,0.006849315,256,[256, 512],0.08,sigmoid,16,[512],100,sigmoid,mse,8.020000000000001,<class 'tensorflow.python.keras.optimizer_v2.adam.Adam'>,None
100,0.282061292143429,0.011764706,0.3097439216424341,0.006849315,64,[256],0.12,relu,128,[256],100,softmax,mse,3.0700000000000003,<class 'tensorflow.python.keras.optimizer_v2.adam.Adam'>,None
100,0.2821310029310339,0.005882353,0.3097903450874433,0.0,64,[256],0.08,relu,32,[256, 128],100,softmax,mse,0.1,<class 'tensorflow.python.keras.optimizer_v2.nadam.Nadam'>,None
100,0.2822139066808364,0.0,0.30987456155149906,0.006849315,64,[128, 256],0.08,sigmoid,64,[256, 128],100,softmax,mse,2.08,<class 'tensorflow.python.keras.optimizer_v2.nadam.Nadam'>,None
100,0.022332180883078014,0.0029411765,0.021805239841341972,0.0,256,[512],0.16,relu,32,[256],100,sigmoid,mse,9.01,<class 'tensorflow.python.keras.optimizer_v2.adam.Adam'>,None
100,3.2303504214567296,0.0012380301,3.485437321336302,0.0008866943,16,[512],0.12,relu,16,[512, 256],100,softmax,binary_crossentropy,0.1,<class 'tensorflow.python.keras.optimizer_v2.adam.Adam'>,None
100,0.02199592622106566,0.011764706,0.021608539997306588,0.0,16,[128, 256],0.2,relu,16,[256],100,sigmoid,mse,4.0600000000000005,<class 'tensorflow.python.keras.optimizer_v2.adam.Adam'>,None
100,3.248221655452953,0.0012380301,3.490121841430664,0.0008866943,256,[512],0.32,relu,32,[256, 128],100,softmax,binary_crossentropy,9.01,<class 'tensorflow.python.keras.optimizer_v2.nadam.Nadam'>,None
100,0.07726754445363493,0.0,0.07447008860029586,0.006849315,128,[256],0.32,relu,32,[256, 128],100,sigmoid,mse,7.03,<class 'tensorflow.python.keras.optimizer_v2.nadam.Nadam'>,None
100,0.5549603854908662,0.0016552667,0.5770704942206814,0.0008229797,128,[256, 512],0.04,relu,16,[256],100,sigmoid,binary_crossentropy,1.09,<class 'tensorflow.python.keras.optimizer_v2.adam.Adam'>,None
100,3.2482008793774773,0.0012380301,3.490161418914795,0.0008866943,256,[128, 256],0.12,relu,128,[512, 256],100,softmax,binary_crossentropy,1.09,<class 'tensorflow.python.keras.optimizer_v2.nadam.Nadam'>,None
100,0.2820723936838262,0.0029411765,0.309751666980247,0.006849315,64,[256],0.16,relu,128,[256, 128],100,softmax,mse,2.08,<class 'tensorflow.python.keras.optimizer_v2.adam.Adam'>,None
100,3.248219543344834,0.0012380301,3.490166474695075,0.00088669424,128,[128, 256],0.32,relu,128,[256, 128],100,softmax,binary_crossentropy,9.01,<class 'tensorflow.python.keras.optimizer_v2.nadam.Nadam'>,None
100,0.28220404176151054,0.00882353,0.309868186712265,0.006849315,256,[256],0.08,sigmoid,64,[512],100,softmax,mse,6.04,<class 'tensorflow.python.keras.optimizer_v2.adam.Adam'>,None
100,0.28210484665982866,0.0,0.3097736615024201,0.0,64,[128, 256],0.36,relu,64,[512],100,softmax,mse,8.020000000000001,<class 'tensorflow.python.keras.optimizer_v2.adam.Adam'>,None
100,0.28206863192950976,0.011764706,0.3097572363402745,0.006849315,16,[512],0.12,relu,64,[512, 256],100,softmax,mse,2.08,<class 'tensorflow.python.keras.optimizer_v2.adam.Adam'>,None
100,0.6873223648351782,0.00123803,0.6938552856445312,0.0008866943,256,[128, 256],0.32,sigmoid,16,[512],100,sigmoid,binary_crossentropy,0.1,<class 'tensorflow.python.keras.optimizer_v2.adam.Adam'>,None
100,0.6887671148075777,0.0012380301,0.6942318677902222,0.0008866943,256,[128, 256],0.24,sigmoid,32,[512],100,sigmoid,binary_crossentropy,3.0700000000000003,<class 'tensorflow.python.keras.optimizer_v2.nadam.Nadam'>,None
100,0.021768457026166074,0.005882353,0.022014241308382112,0.0,16,[128, 256],0.16,relu,32,[512, 256],100,sigmoid,mse,6.04,<class 'tensorflow.python.keras.optimizer_v2.adam.Adam'>,None
100,0.07724170150125728,0.0,0.0744704253053012,0.006849315,64,[256, 512],0.32,relu,128,[256],100,sigmoid,mse,6.04,<class 'tensorflow.python.keras.optimizer_v2.nadam.Nadam'>,None
100,0.5561845232458675,0.0015663474,0.5817144994866358,0.0008601465,16,[512],0.36,relu,16,[512, 256],100,sigmoid,binary_crossentropy,0.1,<class 'tensorflow.python.keras.optimizer_v2.adam.Adam'>,None
100,0.019368920036975074,0.0029411765,0.020528205657658512,0.006849315,128,[256],0.36,relu,128,[512],100,sigmoid,mse,8.020000000000001,<class 'tensorflow.python.keras.optimizer_v2.adam.Adam'>,None
100,0.014826660647111781,0.0029411765,0.019673968933216514,0.0,64,[128, 256],0.36,relu,64,[512, 256],100,sigmoid,mse,5.05,<class 'tensorflow.python.keras.optimizer_v2.adam.Adam'>,None
100,0.2821503165890189,0.0029411765,0.3098219633102417,0.0,256,[128, 256],0.32,relu,16,[256],100,softmax,mse,3.0700000000000003,<class 'tensorflow.python.keras.optimizer_v2.adam.Adam'>,None
100,0.0452910300125094,0.0,0.04935991391539574,0.0,256,[256],0.08,relu,128,[512],100,sigmoid,mse,0.1,<class 'tensorflow.python.keras.optimizer_v2.nadam.Nadam'>,None
100,0.2822143659872167,0.0,0.30987335231206187,0.0,16,[128, 256],0.2,sigmoid,32,[256],100,softmax,mse,8.020000000000001,<class 'tensorflow.python.keras.optimizer_v2.nadam.Nadam'>,None
100,3.248203866622027,0.0012380301,3.4901695251464844,0.0008866943,256,[128, 256],0.32,relu,32,[256],100,softmax,binary_crossentropy,8.020000000000001,<class 'tensorflow.python.keras.optimizer_v2.adam.Adam'>,None
100,0.6814604843364043,0.0012995896,0.693964421749115,0.0008866943,256,[256],0.28,relu,128,[512, 256],100,sigmoid,binary_crossentropy,3.0700000000000003,<class 'tensorflow.python.keras.optimizer_v2.nadam.Nadam'>,None
100,3.2482352032380946,0.0012380301,3.4901606154768436,0.00088669424,16,[128, 256],0.36,relu,64,[512, 256],100,softmax,binary_crossentropy,4.0600000000000005,<class 'tensorflow.python.keras.optimizer_v2.adam.Adam'>,None
100,0.6889888756415423,0.0012380301,0.6947059680337775,0.00088669424,16,[512],0.28,relu,16,[256],100,sigmoid,binary_crossentropy,8.020000000000001,<class 'tensorflow.python.keras.optimizer_v2.nadam.Nadam'>,None
100,0.2822262907729429,0.0029411765,0.3098592162132263,0.0,256,[128, 256],0.04,relu,32,[512, 256],100,softmax,mse,0.1,<class 'tensorflow.python.keras.optimizer_v2.nadam.Nadam'>,None
100,0.5890530235627118,0.0013885088,0.597565233707428,0.0008070511,256,[512],0.08,sigmoid,32,[256, 128],100,sigmoid,binary_crossentropy,0.1,<class 'tensorflow.python.keras.optimizer_v2.nadam.Nadam'>,None
100,0.023496065244955174,0.0029411765,0.02292969215610256,0.0,64,[512],0.04,sigmoid,128,[256],100,sigmoid,mse,0.1,<class 'tensorflow.python.keras.optimizer_v2.nadam.Nadam'>,None
100,0.0773263808558969,0.0,0.07398471236228943,0.006849315,256,[512],0.24,relu,32,[512],100,sigmoid,mse,5.05,<class 'tensorflow.python.keras.optimizer_v2.nadam.Nadam'>,None
100,0.07725996427676257,0.0,0.0744958772540909,0.006849315,64,[256],0.28,relu,128,[512],100,sigmoid,mse,8.020000000000001,<class 'tensorflow.python.keras.optimizer_v2.nadam.Nadam'>,None
100,3.2482117091908176,0.00123803,3.4901499095028394,0.0008866943,64,[128, 256],0.36,relu,64,[256],100,softmax,binary_crossentropy,5.05,<class 'tensorflow.python.keras.optimizer_v2.adam.Adam'>,None
100,0.01577279558953117,0.005882353,0.019203953444957733,0.0,256,[256],0.0,relu,64,[512, 256],100,sigmoid,mse,4.0600000000000005,<class 'tensorflow.python.keras.optimizer_v2.adam.Adam'>,None
100,0.28215570414767543,0.00882353,0.3098089425531152,0.0,16,[256, 512],0.24,sigmoid,64,[256, 128],100,softmax,mse,1.09,<class 'tensorflow.python.keras.optimizer_v2.nadam.Nadam'>,None
100,0.2822414268465603,0.0029411765,0.3098616097887901,0.0,128,[128, 256],0.04,relu,16,[512, 256],100,softmax,mse,0.1,<class 'tensorflow.python.keras.optimizer_v2.adam.Adam'>,None
100,0.6886832938474767,0.0012380301,0.6955082685980079,0.0008866943,64,[256],0.04,sigmoid,16,[512],100,sigmoid,binary_crossentropy,4.0600000000000005,<class 'tensorflow.python.keras.optimizer_v2.nadam.Nadam'>,None
100,3.2483121815849754,0.0012380301,3.490152522309186,0.00088669424,16,[128, 256],0.36,relu,32,[256],100,softmax,binary_crossentropy,6.04,<class 'tensorflow.python.keras.optimizer_v2.nadam.Nadam'>,None
100,0.023003155266975654,0.0029411765,0.02236069264273121,0.0,64,[256],0.04,sigmoid,32,[512, 256],100,sigmoid,mse,4.0600000000000005,<class 'tensorflow.python.keras.optimizer_v2.adam.Adam'>,None
100,0.2821015947005328,0.0029411765,0.3097780681636235,0.006849315,128,[128, 256],0.32,relu,32,[512, 256],100,softmax,mse,3.0700000000000003,<class 'tensorflow.python.keras.optimizer_v2.adam.Adam'>,None
100,3.248291436363669,0.0012380301,3.490220308303833,0.0008866943,256,[256, 512],0.0,sigmoid,32,[512, 256],100,softmax,binary_crossentropy,0.1,<class 'tensorflow.python.keras.optimizer_v2.nadam.Nadam'>,None
100,0.569105680549846,0.001381669,0.5836861999067542,0.00080174144,64,[128, 256],0.36,relu,16,[256, 128],100,sigmoid,binary_crossentropy,7.03,<class 'tensorflow.python.keras.optimizer_v2.adam.Adam'>,None
100,0.28209542211364297,0.005882353,0.30978907134434946,0.0,64,[256],0.2,relu,128,[256],100,softmax,mse,3.0700000000000003,<class 'tensorflow.python.keras.optimizer_v2.nadam.Nadam'>,None
100,0.6887185755897971,0.0012380301,0.695919054828278,0.0008866943,64,[256],0.36,relu,32,[256],100,sigmoid,binary_crossentropy,8.020000000000001,<class 'tensorflow.python.keras.optimizer_v2.nadam.Nadam'>,None
100,0.58224438569125,0.0013702691,0.5921005084090036,0.0007911224,128,[256],0.28,sigmoid,16,[512, 256],100,sigmoid,binary_crossentropy,0.1,<class 'tensorflow.python.keras.optimizer_v2.nadam.Nadam'>,None
100,0.5868768285302555,0.0014021888,0.6271633293530713,0.0007858129,64,[256],0.32,sigmoid,128,[512, 256],100,sigmoid,binary_crossentropy,4.0600000000000005,<class 'tensorflow.python.keras.optimizer_v2.adam.Adam'>,None
100,0.6889216962982626,0.00124031,0.6956415168226582,0.0008866943,128,[256, 512],0.24,sigmoid,16,[256],100,sigmoid,binary_crossentropy,9.01,<class 'tensorflow.python.keras.optimizer_v2.nadam.Nadam'>,None
100,0.018229016880778704,0.0029411765,0.02041598067504086,0.0,128,[256],0.24,relu,128,[512],100,sigmoid,mse,7.03,<class 'tensorflow.python.keras.optimizer_v2.adam.Adam'>,None
100,3.2482261433320887,0.00123803,3.4901883602142334,0.0008866943,256,[256],0.24,sigmoid,32,[256, 128],100,softmax,binary_crossentropy,8.020000000000001,<class 'tensorflow.python.keras.optimizer_v2.nadam.Nadam'>,None
100,0.28207084466429316,0.00882353,0.30975203358963743,0.0,64,[512],0.04,relu,128,[512],100,softmax,mse,6.04,<class 'tensorflow.python.keras.optimizer_v2.adam.Adam'>,None
100,0.6888492934844073,0.0012380301,0.6959111347590408,0.0008866943,16,[512],0.16,relu,16,[256],100,sigmoid,binary_crossentropy,6.04,<class 'tensorflow.python.keras.optimizer_v2.adam.Adam'>,None
100,0.688615327021655,0.0012380301,0.6954070329666138,0.0008866943,256,[256],0.24,sigmoid,128,[512],100,sigmoid,binary_crossentropy,4.0600000000000005,<class 'tensorflow.python.keras.optimizer_v2.nadam.Nadam'>,None
100,0.6889947007684146,0.0012380301,0.6939074993133545,0.0008866943,256,[512],0.0,relu,128,[256],100,sigmoid,binary_crossentropy,7.03,<class 'tensorflow.python.keras.optimizer_v2.nadam.Nadam'>,None
100,0.07722290333579568,0.0029411765,0.07448869729287004,0.006849315,128,[256],0.16,sigmoid,32,[256, 128],100,sigmoid,mse,6.04,<class 'tensorflow.python.keras.optimizer_v2.nadam.Nadam'>,None
100,0.07726934236638686,0.0,0.07432755752632471,0.006849315,16,[256, 512],0.36,sigmoid,16,[256, 128],100,sigmoid,mse,3.0700000000000003,<class 'tensorflow.python.keras.optimizer_v2.nadam.Nadam'>,None
100,0.07723231867832296,0.0,0.07455803127321478,0.006849315,128,[512],0.0,relu,32,[256],100,sigmoid,mse,8.020000000000001,<class 'tensorflow.python.keras.optimizer_v2.nadam.Nadam'>,None
100,0.07724059294251835,0.0,0.07440959205468224,0.006849315,16,[128, 256],0.36,sigmoid,16,[512, 256],100,sigmoid,mse,4.0600000000000005,<class 'tensorflow.python.keras.optimizer_v2.adam.Adam'>,None
100,0.6021013140678406,0.001388509,0.6239406654279526,0.00079643197,64,[256, 512],0.12,sigmoid,64,[512, 256],100,sigmoid,binary_crossentropy,3.0700000000000003,<class 'tensorflow.python.keras.optimizer_v2.adam.Adam'>,None
100,0.6870408864582286,0.0012950295,0.6952839493751526,0.0008866943,256,[256],0.08,relu,128,[512, 256],100,sigmoid,binary_crossentropy,5.05,<class 'tensorflow.python.keras.optimizer_v2.nadam.Nadam'>,None
100,0.5700813938589657,0.001374829,0.5835426449775696,0.00079643197,256,[256, 512],0.2,relu,16,[256],100,sigmoid,binary_crossentropy,1.09,<class 'tensorflow.python.keras.optimizer_v2.adam.Adam'>,None
100,0.6886750782237333,0.0012380301,0.6953564735308085,0.00088669424,16,[256, 512],0.32,relu,16,[512, 256],100,sigmoid,binary_crossentropy,8.020000000000001,<class 'tensorflow.python.keras.optimizer_v2.adam.Adam'>,None
100,0.05707091465592384,0.0029411765,0.1095818430185318,0.006849315,256,[256],0.32,sigmoid,32,[256, 128],100,sigmoid,mse,4.0600000000000005,<class 'tensorflow.python.keras.optimizer_v2.adam.Adam'>,None
100,0.6883173795307383,0.0012380301,0.7000482033376825,0.0008920038,128,[256],0.0,sigmoid,64,[256],100,sigmoid,binary_crossentropy,7.03,<class 'tensorflow.python.keras.optimizer_v2.nadam.Nadam'>,None
100,0.28206489226397347,0.01764706,0.30976814276551545,0.0,16,[128, 256],0.04,relu,16,[512],100,softmax,mse,3.0700000000000003,<class 'tensorflow.python.keras.optimizer_v2.adam.Adam'>,None
100,0.6886475780430962,0.0012380301,0.6960572600364685,0.0008866943,256,[128, 256],0.36,sigmoid,128,[256],100,sigmoid,binary_crossentropy,7.03,<class 'tensorflow.python.keras.optimizer_v2.nadam.Nadam'>,None
100,3.247223169663373,0.0012380301,3.4901517515313136,0.00088669424,16,[128, 256],0.16,relu,64,[256],100,softmax,binary_crossentropy,2.08,<class 'tensorflow.python.keras.optimizer_v2.adam.Adam'>,None
100,3.248251230576459,0.00123803,3.4901721967409736,0.0008866943,128,[256],0.16,sigmoid,16,[512, 256],100,softmax,binary_crossentropy,2.08,<class 'tensorflow.python.keras.optimizer_v2.nadam.Nadam'>,None
100,3.2482353042153753,0.0012380301,3.4901576303455926,0.0008866943,64,[512],0.36,relu,32,[256],100,softmax,binary_crossentropy,7.03,<class 'tensorflow.python.keras.optimizer_v2.nadam.Nadam'>,None
100,0.28221208347993737,0.0,0.3098760763668034,0.006849315,16,[512],0.28,sigmoid,16,[256],100,softmax,mse,0.1,<class 'tensorflow.python.keras.optimizer_v2.nadam.Nadam'>,None
100,3.248278825423297,0.0012380301,3.4901467806672395,0.0008866943,16,[256, 512],0.2,relu,128,[512],100,softmax,binary_crossentropy,9.01,<class 'tensorflow.python.keras.optimizer_v2.adam.Adam'>,None
100,3.248204694074743,0.00123803,3.490161895751953,0.0008866943,256,[128, 256],0.32,relu,64,[512],100,softmax,binary_crossentropy,3.0700000000000003,<class 'tensorflow.python.keras.optimizer_v2.nadam.Nadam'>,None
100,3.2482183428371654,0.00123803,3.4901574605131804,0.0008866943,16,[256, 512],0.16,relu,16,[512],100,softmax,binary_crossentropy,2.08,<class 'tensorflow.python.keras.optimizer_v2.adam.Adam'>,None
100,0.07722007202751496,0.0,0.07431864223047478,0.006849315,128,[128, 256],0.24,relu,32,[256],100,sigmoid,mse,5.05,<class 'tensorflow.python.keras.optimizer_v2.nadam.Nadam'>,None
100,0.282214203301598,0.0,0.3098689666757845,0.006849315,64,[256, 512],0.16,sigmoid,32,[256, 128],100,softmax,mse,9.01,<class 'tensorflow.python.keras.optimizer_v2.nadam.Nadam'>,None
100,3.248217793071971,0.0012380301,3.490194320678711,0.0008866943,256,[128, 256],0.04,sigmoid,64,[256],100,softmax,binary_crossentropy,0.1,<class 'tensorflow.python.keras.optimizer_v2.nadam.Nadam'>,None
100,0.5478879507850198,0.001764706,0.5712857842445374,0.00084421795,256,[512],0.08,relu,128,[512, 256],100,sigmoid,binary_crossentropy,1.09,<class 'tensorflow.python.keras.optimizer_v2.adam.Adam'>,None
100,0.2821254137684317,0.005882353,0.3098057508468628,0.0,256,[256],0.28,relu,16,[512],100,softmax,mse,8.020000000000001,<class 'tensorflow.python.keras.optimizer_v2.adam.Adam'>,None
100,0.07731000483036041,0.0,0.07459119094969476,0.006849315,16,[256, 512],0.08,sigmoid,16,[256, 128],100,sigmoid,mse,8.020000000000001,<class 'tensorflow.python.keras.optimizer_v2.adam.Adam'>,None
100,0.6887013105785146,0.0012380301,0.6955471708349985,0.0008866943,64,[128, 256],0.08,relu,64,[512],100,sigmoid,binary_crossentropy,3.0700000000000003,<class 'tensorflow.python.keras.optimizer_v2.nadam.Nadam'>,None
100,0.6889255979481865,0.0012380301,0.693802924188849,0.0008866943,128,[256],0.36,sigmoid,32,[512, 256],100,sigmoid,binary_crossentropy,8.020000000000001,<class 'tensorflow.python.keras.optimizer_v2.adam.Adam'>,None
100,3.2462023763095633,0.0012380301,3.4892146587371826,0.0008866943,256,[256],0.04,sigmoid,32,[512],100,softmax,binary_crossentropy,2.08,<class 'tensorflow.python.keras.optimizer_v2.nadam.Nadam'>,None
100,3.248277383692124,0.0012380301,3.4902154778781003,0.0008866943,16,[256],0.08,sigmoid,64,[512, 256],100,softmax,binary_crossentropy,8.020000000000001,<class 'tensorflow.python.keras.optimizer_v2.adam.Adam'>,None
100,3.2482016310972326,0.00123803,3.4901621341705322,0.0008866943,256,[128, 256],0.24,sigmoid,64,[512, 256],100,softmax,binary_crossentropy,8.020000000000001,<class 'tensorflow.python.keras.optimizer_v2.adam.Adam'>,None
100,0.0772854316760512,0.0029411765,0.07436334249907978,0.006849315,128,[256, 512],0.04,sigmoid,32,[512, 256],100,sigmoid,mse,6.04,<class 'tensorflow.python.keras.optimizer_v2.nadam.Nadam'>,None
100,0.022413648467730075,0.005882353,0.02191903442144394,0.0,256,[256],0.0,relu,32,[512, 256],100,sigmoid,mse,7.03,<class 'tensorflow.python.keras.optimizer_v2.adam.Adam'>,None
100,0.02212356837356792,0.0,0.022020415594316507,0.0,64,[256],0.0,relu,64,[256],100,sigmoid,mse,8.020000000000001,<class 'tensorflow.python.keras.optimizer_v2.nadam.Nadam'>,None
100,0.6886613817775951,0.0012380301,0.694653671081752,0.0008866943,128,[512],0.24,sigmoid,32,[256, 128],100,sigmoid,binary_crossentropy,7.03,<class 'tensorflow.python.keras.optimizer_v2.nadam.Nadam'>,None
100,0.28221482599482817,0.0029411765,0.30987366370550573,0.006849315,16,[256],0.08,relu,32,[512, 256],100,softmax,mse,5.05,<class 'tensorflow.python.keras.optimizer_v2.nadam.Nadam'>,None
100,3.248292359183816,0.0012380301,3.490175136148113,0.00088669424,16,[512],0.16,sigmoid,64,[256, 128],100,softmax,binary_crossentropy,4.0600000000000005,<class 'tensorflow.python.keras.optimizer_v2.nadam.Nadam'>,None
100,0.07730000413515989,0.0,0.0747395743143885,0.006849315,16,[128, 256],0.32,sigmoid,128,[512, 256],100,sigmoid,mse,9.01,<class 'tensorflow.python.keras.optimizer_v2.adam.Adam'>,None
100,0.2822137688889223,0.0,0.3098746048261041,0.0,64,[256, 512],0.24,sigmoid,32,[512, 256],100,softmax,mse,2.08,<class 'tensorflow.python.keras.optimizer_v2.nadam.Nadam'>,None
100,3.2482589525334977,0.00123803,3.490169799491151,0.0008866943,16,[256],0.0,relu,128,[256],100,softmax,binary_crossentropy,6.04,<class 'tensorflow.python.keras.optimizer_v2.adam.Adam'>,None
100,3.2482499290915094,0.00123803,3.490136198801537,0.00088669424,16,[128, 256],0.24,sigmoid,64,[256],100,softmax,binary_crossentropy,5.05,<class 'tensorflow.python.keras.optimizer_v2.adam.Adam'>,None
100,0.0144046341014259,0.0,0.017660049198527043,0.0,16,[128, 256],0.16,relu,64,[512, 256],100,sigmoid,mse,0.1,<class 'tensorflow.python.keras.optimizer_v2.adam.Adam'>,None
100,0.07727335112936357,0.0,0.07426948100328445,0.006849315,256,[256],0.0,relu,16,[512, 256],100,sigmoid,mse,7.03,<class 'tensorflow.python.keras.optimizer_v2.nadam.Nadam'>,None
100,0.28221406621091505,0.00882353,0.3098752498626709,0.0,256,[256, 512],0.32,relu,64,[256, 128],100,softmax,mse,9.01,<class 'tensorflow.python.keras.optimizer_v2.nadam.Nadam'>,None
100,0.05560743370476891,0.0,0.055920014744752077,0.0,128,[128, 256],0.2,sigmoid,16,[512],100,sigmoid,mse,8.020000000000001,<class 'tensorflow.python.keras.optimizer_v2.adam.Adam'>,None
100,3.2482090276830338,0.0012380301,3.490171305120808,0.0008866943,64,[128, 256],0.12,sigmoid,64,[512],100,softmax,binary_crossentropy,4.0600000000000005,<class 'tensorflow.python.keras.optimizer_v2.adam.Adam'>,None
100,0.07726887946619707,0.0,0.07469576934020813,0.006849315,64,[512],0.2,sigmoid,16,[512, 256],100,sigmoid,mse,5.05,<class 'tensorflow.python.keras.optimizer_v2.nadam.Nadam'>,None
100,0.2822139585719389,0.0029411765,0.30987870693206787,0.006849315,256,[128, 256],0.2,sigmoid,128,[512, 256],100,softmax,mse,5.05,<class 'tensorflow.python.keras.optimizer_v2.adam.Adam'>,None
100,0.07730290819616879,0.0,0.07463066024731284,0.006849315,128,[256],0.0,relu,16,[512, 256],100,sigmoid,mse,3.0700000000000003,<class 'tensorflow.python.keras.optimizer_v2.nadam.Nadam'>,None
100,0.012943184704465024,0.0029411765,0.017417640233897184,0.0,128,[256, 512],0.32,relu,64,[256],100,sigmoid,mse,1.09,<class 'tensorflow.python.keras.optimizer_v2.adam.Adam'>,None
100,0.28203763751422656,0.01764706,0.3097484275086285,0.006849315,16,[256],0.2,relu,64,[512],100,softmax,mse,1.09,<class 'tensorflow.python.keras.optimizer_v2.nadam.Nadam'>,None
100,0.2829642933957717,0.00882353,0.3106316575040556,0.006849315,16,[512],0.04,sigmoid,16,[256],100,softmax,mse,6.04,<class 'tensorflow.python.keras.optimizer_v2.nadam.Nadam'>,None
100,0.5930071122506085,0.0013702691,0.6185537127599324,0.0007645747,64,[128, 256],0.24,sigmoid,32,[256],100,sigmoid,binary_crossentropy,4.0600000000000005,<class 'tensorflow.python.keras.optimizer_v2.adam.Adam'>,None
100,0.28221617165733787,0.0029411765,0.3098767101764679,0.006849315,256,[512],0.32,sigmoid,128,[256, 128],100,softmax,mse,5.05,<class 'tensorflow.python.keras.optimizer_v2.nadam.Nadam'>,None
100,0.5569965320474961,0.0016073872,0.5792129937916586,0.0008442179,128,[512],0.36,relu,64,[256, 128],100,sigmoid,binary_crossentropy,9.01,<class 'tensorflow.python.keras.optimizer_v2.adam.Adam'>,None
100,3.2482737821691177,0.0012380301,3.4901680129848116,0.0008866943,64,[128, 256],0.04,sigmoid,128,[256],100,softmax,binary_crossentropy,9.01,<class 'tensorflow.python.keras.optimizer_v2.nadam.Nadam'>,None
100,0.28221533088123096,0.0,0.3098724023120044,0.006849315,16,[512],0.0,sigmoid,32,[256, 128],100,softmax,mse,8.020000000000001,<class 'tensorflow.python.keras.optimizer_v2.nadam.Nadam'>,None
100,0.5761756623492521,0.0013634291,0.6050299569352032,0.00078581297,16,[256, 512],0.0,sigmoid,64,[256, 128],100,sigmoid,binary_crossentropy,2.08,<class 'tensorflow.python.keras.optimizer_v2.adam.Adam'>,None
100,0.5847647035823149,0.0013702691,0.5969113781027597,0.0008123606,128,[256, 512],0.36,sigmoid,128,[256],100,sigmoid,binary_crossentropy,5.05,<class 'tensorflow.python.keras.optimizer_v2.adam.Adam'>,None
100,0.5552778103772331,0.0016279069,0.5781913611986865,0.0008442179,128,[128, 256],0.16,relu,128,[256],100,sigmoid,binary_crossentropy,7.03,<class 'tensorflow.python.keras.optimizer_v2.adam.Adam'>,None
100,0.28222046178929944,0.005882353,0.309874124314687,0.0,128,[512],0.12,sigmoid,32,[512, 256],100,softmax,mse,3.0700000000000003,<class 'tensorflow.python.keras.optimizer_v2.nadam.Nadam'>,None
100,0.5737008242046132,0.001365709,0.5874303660980643,0.0007911224,64,[256, 512],0.28,sigmoid,128,[512, 256],100,sigmoid,binary_crossentropy,1.09,<class 'tensorflow.python.keras.optimizer_v2.adam.Adam'>,None
100,0.07334776266532786,0.0,0.07013467699289322,0.006849315,256,[256],0.24,sigmoid,16,[256],100,sigmoid,mse,3.0700000000000003,<class 'tensorflow.python.keras.optimizer_v2.nadam.Nadam'>,None
100,3.2482748059665454,0.0012380301,3.4901454742640663,0.0008866943,16,[256, 512],0.32,sigmoid,64,[256, 128],100,softmax,binary_crossentropy,9.01,<class 'tensorflow.python.keras.optimizer_v2.adam.Adam'>,None
100,3.2482280759250415,0.0012380301,3.490175913458001,0.0008866943,128,[256, 512],0.04,sigmoid,32,[512],100,softmax,binary_crossentropy,9.01,<class 'tensorflow.python.keras.optimizer_v2.nadam.Nadam'>,None
100,0.5757572714020224,0.0013543093,0.5866968166338254,0.000796432,128,[128, 256],0.32,sigmoid,128,[512, 256],100,sigmoid,binary_crossentropy,0.1,<class 'tensorflow.python.keras.optimizer_v2.nadam.Nadam'>,None
100,0.5891607088201186,0.0013634291,0.6018266759506644,0.00080174144,64,[256, 512],0.0,sigmoid,32,[512, 256],100,sigmoid,binary_crossentropy,1.09,<class 'tensorflow.python.keras.optimizer_v2.adam.Adam'>,None
100,3.2482565627378577,0.0012380301,3.4901724416915685,0.00088669424,16,[256, 512],0.08,sigmoid,16,[256],100,softmax,binary_crossentropy,5.05,<class 'tensorflow.python.keras.optimizer_v2.adam.Adam'>,None
100,0.28213771055726444,0.0,0.30979538086342484,0.0,128,[128, 256],0.24,relu,32,[256, 128],100,softmax,mse,3.0700000000000003,<class 'tensorflow.python.keras.optimizer_v2.adam.Adam'>,None
100,0.6959076425608467,0.0012425901,0.6919214725494385,0.00089731335,256,[256, 512],0.36,sigmoid,16,[256],100,sigmoid,binary_crossentropy,2.08,<class 'tensorflow.python.keras.optimizer_v2.nadam.Nadam'>,None
100,0.5726335090749404,0.0013611492,0.5848558569607669,0.00079643197,64,[512],0.28,sigmoid,64,[256, 128],100,sigmoid,binary_crossentropy,0.1,<class 'tensorflow.python.keras.optimizer_v2.nadam.Nadam'>,None
100,0.6886213302612305,0.0012380301,0.6948650977382921,0.0008866943,16,[256, 512],0.04,sigmoid,16,[512, 256],100,sigmoid,binary_crossentropy,6.04,<class 'tensorflow.python.keras.optimizer_v2.adam.Adam'>,None
100,0.2822141920819002,0.005882353,0.3098737989386467,0.0,16,[128, 256],0.2,sigmoid,16,[512, 256],100,softmax,mse,9.01,<class 'tensorflow.python.keras.optimizer_v2.nadam.Nadam'>,None
100,3.2433592740227195,0.0012380301,3.4870085389646763,0.0008866943,128,[256],0.36,sigmoid,64,[256],100,softmax,binary_crossentropy,1.09,<class 'tensorflow.python.keras.optimizer_v2.adam.Adam'>,None
100,0.07721794756019816,0.0,0.07488369941711426,0.006849315,256,[512],0.0,relu,16,[512, 256],100,sigmoid,mse,6.04,<class 'tensorflow.python.keras.optimizer_v2.adam.Adam'>,None
100,3.2482153022990508,0.0012380301,3.490201819432925,0.00088669424,64,[512],0.32,relu,16,[512],100,softmax,binary_crossentropy,9.01,<class 'tensorflow.python.keras.optimizer_v2.adam.Adam'>,None
100,0.5953113934573006,0.0013907889,0.6076799043237346,0.00079643197,128,[128, 256],0.16,relu,128,[512],100,sigmoid,binary_crossentropy,0.1,<class 'tensorflow.python.keras.optimizer_v2.adam.Adam'>,None
100,3.2482077402227065,0.00123803,3.490166637995472,0.00088669424,128,[256, 512],0.24,relu,32,[256],100,softmax,binary_crossentropy,9.01,<class 'tensorflow.python.keras.optimizer_v2.adam.Adam'>,None
100,0.0772300545783604,0.0,0.07416549324989319,0.006849315,256,[512],0.08,relu,16,[512],100,sigmoid,mse,5.05,<class 'tensorflow.python.keras.optimizer_v2.adam.Adam'>,None
100,0.2820719836389317,0.0,0.30975574499940217,0.0,16,[128, 256],0.2,relu,128,[256],100,softmax,mse,4.0600000000000005,<class 'tensorflow.python.keras.optimizer_v2.adam.Adam'>,None
100,0.012620918463696451,0.005882353,0.018240100716891354,0.0,128,[128, 256],0.32,relu,64,[256],100,sigmoid,mse,2.08,<class 'tensorflow.python.keras.optimizer_v2.adam.Adam'>,None
100,0.28205648941152234,0.014705882,0.3097429814404004,0.0,16,[256],0.36,relu,32,[256],100,softmax,mse,1.09,<class 'tensorflow.python.keras.optimizer_v2.adam.Adam'>,None
100,0.020168716745341524,0.005882353,0.02171497792005539,0.0,256,[256],0.2,relu,128,[256],100,sigmoid,mse,1.09,<class 'tensorflow.python.keras.optimizer_v2.nadam.Nadam'>,None
100,0.014559326781069531,0.0,0.018238414895452866,0.0,128,[128, 256],0.28,relu,64,[256],100,sigmoid,mse,1.09,<class 'tensorflow.python.keras.optimizer_v2.adam.Adam'>,None
100,3.2483903772690716,0.0012380301,3.4904032994623053,0.0008866943,64,[256, 512],0.32,sigmoid,128,[256, 128],100,softmax,binary_crossentropy,0.1,<class 'tensorflow.python.keras.optimizer_v2.nadam.Nadam'>,None
100,0.07728657731238534,0.0,0.07442129566653134,0.006849315,16,[256, 512],0.04,sigmoid,128,[256, 128],100,sigmoid,mse,5.05,<class 'tensorflow.python.keras.optimizer_v2.nadam.Nadam'>,None
100,0.5709719643873327,0.0013565891,0.5838335752487183,0.00079643197,256,[512],0.36,sigmoid,32,[256, 128],100,sigmoid,binary_crossentropy,3.0700000000000003,<class 'tensorflow.python.keras.optimizer_v2.adam.Adam'>,None
100,3.248279874465045,0.0012380301,3.490165749641314,0.0008866943,16,[256],0.16,relu,128,[512],100,softmax,binary_crossentropy,9.01,<class 'tensorflow.python.keras.optimizer_v2.adam.Adam'>,None
100,3.2482073615579043,0.0012380301,3.4901866031019657,0.00088669424,64,[256],0.28,sigmoid,64,[512, 256],100,softmax,binary_crossentropy,4.0600000000000005,<class 'tensorflow.python.keras.optimizer_v2.adam.Adam'>,None
100,0.28296734620543085,0.0,0.3106364664966113,0.01369863,64,[256, 512],0.28,sigmoid,16,[256],100,softmax,mse,9.01,<class 'tensorflow.python.keras.optimizer_v2.nadam.Nadam'>,None
100,3.248220474579755,0.00123803,3.4901619088159848,0.0008866943,64,[256],0.12,relu,64,[512],100,softmax,binary_crossentropy,9.01,<class 'tensorflow.python.keras.optimizer_v2.adam.Adam'>,None
100,0.5707303615177379,0.0013953488,0.5828488240503285,0.00078581297,64,[256],0.36,sigmoid,64,[512, 256],100,sigmoid,binary_crossentropy,2.08,<class 'tensorflow.python.keras.optimizer_v2.adam.Adam'>,None
100,0.2820849737700294,0.011764706,0.3097675401870518,0.0,64,[128, 256],0.12,relu,128,[512],100,softmax,mse,7.03,<class 'tensorflow.python.keras.optimizer_v2.adam.Adam'>,None
100,0.02975734601564267,0.0029411765,0.0301089808344841,0.0,256,[256],0.16,sigmoid,16,[512],100,sigmoid,mse,1.09,<class 'tensorflow.python.keras.optimizer_v2.nadam.Nadam'>,None
100,0.6889501676839941,0.0012380303,0.6954017738773398,0.00088669424,16,[128, 256],0.04,relu,32,[512],100,sigmoid,binary_crossentropy,8.020000000000001,<class 'tensorflow.python.keras.optimizer_v2.nadam.Nadam'>,None
100,3.248236022276037,0.0012380301,3.490169776629095,0.0008866943,64,[256, 512],0.08,relu,32,[256],100,softmax,binary_crossentropy,4.0600000000000005,<class 'tensorflow.python.keras.optimizer_v2.nadam.Nadam'>,None
100,0.6886638767579023,0.00123803,0.6952056288719177,0.0008866943,256,[128, 256],0.04,relu,32,[512, 256],100,sigmoid,binary_crossentropy,3.0700000000000003,<class 'tensorflow.python.keras.optimizer_v2.nadam.Nadam'>,None
100,0.022112844840568656,0.0,0.022343150735513805,0.0,128,[128, 256],0.28,relu,64,[256],100,sigmoid,mse,3.0700000000000003,<class 'tensorflow.python.keras.optimizer_v2.nadam.Nadam'>,None
100,3.24549773721134,0.0012380301,3.4884060768231953,0.0008866943,64,[256, 512],0.32,sigmoid,16,[256, 128],100,softmax,binary_crossentropy,2.08,<class 'tensorflow.python.keras.optimizer_v2.adam.Adam'>,None
100,0.5448612753082724,0.0019220246,0.5712138990016833,0.00084952754,16,[512],0.36,relu,16,[512],100,sigmoid,binary_crossentropy,0.1,<class 'tensorflow.python.keras.optimizer_v2.nadam.Nadam'>,None
100,0.021913846779395552,0.0029411765,0.021672208882766227,0.0,64,[128, 256],0.24,relu,16,[256],100,sigmoid,mse,2.08,<class 'tensorflow.python.keras.optimizer_v2.adam.Adam'>,None
100,0.07720871716737747,0.0,0.0745847722745105,0.006849315,128,[128, 256],0.2,relu,32,[256],100,sigmoid,mse,7.03,<class 'tensorflow.python.keras.optimizer_v2.adam.Adam'>,None
100,0.016516655091853703,0.0,0.02045282420434364,0.0,128,[128, 256],0.12,relu,16,[256, 128],100,sigmoid,mse,2.08,<class 'tensorflow.python.keras.optimizer_v2.adam.Adam'>,None
100,0.6893483267110937,0.0012471501,0.6951834551275593,0.0008866943,16,[128, 256],0.08,sigmoid,64,[256, 128],100,sigmoid,binary_crossentropy,9.01,<class 'tensorflow.python.keras.optimizer_v2.nadam.Nadam'>,None
100,0.28221489436486186,0.0029411765,0.30986952781677246,0.0,256,[256, 512],0.12,sigmoid,32,[256],100,softmax,mse,9.01,<class 'tensorflow.python.keras.optimizer_v2.nadam.Nadam'>,None
100,0.07722618027645,0.0,0.07444089651107788,0.006849315,256,[256],0.08,relu,16,[512, 256],100,sigmoid,mse,7.03,<class 'tensorflow.python.keras.optimizer_v2.adam.Adam'>,None
100,3.2482387290281407,0.0012380301,3.4901619872001755,0.0008866943,64,[128, 256],0.36,relu,64,[512, 256],100,softmax,binary_crossentropy,5.05,<class 'tensorflow.python.keras.optimizer_v2.nadam.Nadam'>,None
100,3.2482039760140813,0.00123803,3.490175433354835,0.00088669424,128,[256],0.24,sigmoid,128,[256],100,softmax,binary_crossentropy,9.01,<class 'tensorflow.python.keras.optimizer_v2.adam.Adam'>,None
100,3.2482025791617,0.0012380301,3.490161954540096,0.00088669424,64,[128, 256],0.2,relu,16,[512],100,softmax,binary_crossentropy,2.08,<class 'tensorflow.python.keras.optimizer_v2.adam.Adam'>,None
100,3.2485216701731963,0.0012380301,3.4904931865326345,0.0008866943,16,[256],0.04,sigmoid,64,[256],100,softmax,binary_crossentropy,8.020000000000001,<class 'tensorflow.python.keras.optimizer_v2.nadam.Nadam'>,None
100,0.022525734826922418,0.005882353,0.021810276433825493,0.0,256,[512],0.16,relu,32,[256, 128],100,sigmoid,mse,9.01,<class 'tensorflow.python.keras.optimizer_v2.adam.Adam'>,None
100,0.5511108468560612,0.0018285455,0.579387997111229,0.0008389083,128,[256, 512],0.12,relu,128,[512],100,sigmoid,binary_crossentropy,4.0600000000000005,<class 'tensorflow.python.keras.optimizer_v2.adam.Adam'>,None
100,3.248206817402559,0.0012380301,3.490157568291442,0.0008866943,64,[128, 256],0.36,sigmoid,16,[256, 128],100,softmax,binary_crossentropy,5.05,<class 'tensorflow.python.keras.optimizer_v2.adam.Adam'>,None
100,0.2822207016103408,0.0029411765,0.3098695653758637,0.0,128,[128, 256],0.12,sigmoid,32,[512],100,softmax,mse,8.020000000000001,<class 'tensorflow.python.keras.optimizer_v2.nadam.Nadam'>,None
100,0.6886118629399468,0.0012380301,0.6957489839971882,0.00088669424,128,[512],0.28,sigmoid,16,[512, 256],100,sigmoid,binary_crossentropy,7.03,<class 'tensorflow.python.keras.optimizer_v2.adam.Adam'>,None
100,3.2445373619303983,0.0012380301,3.4879425094552237,0.00088669424,16,[128, 256],0.2,sigmoid,128,[512, 256],100,softmax,binary_crossentropy,1.09,<class 'tensorflow.python.keras.optimizer_v2.adam.Adam'>,None
100,0.07718849120771183,0.0,0.07447624206542969,0.006849315,256,[128, 256],0.0,sigmoid,64,[256],100,sigmoid,mse,5.05,<class 'tensorflow.python.keras.optimizer_v2.nadam.Nadam'>,None
100,0.28214286092449636,0.0,0.3098247459490005,0.0,64,[256, 512],0.0,sigmoid,128,[512],100,softmax,mse,4.0600000000000005,<class 'tensorflow.python.keras.optimizer_v2.adam.Adam'>,None
100,0.688916582219741,0.00123575,0.6948126521829057,0.0008866943,16,[128, 256],0.2,sigmoid,32,[512],100,sigmoid,binary_crossentropy,5.05,<class 'tensorflow.python.keras.optimizer_v2.nadam.Nadam'>,None
100,0.2821070043479695,0.005882353,0.30976450933169014,0.0,16,[256, 512],0.16,sigmoid,16,[512, 256],100,softmax,mse,2.08,<class 'tensorflow.python.keras.optimizer_v2.nadam.Nadam'>,None
100,0.28206694231313817,0.00882353,0.3097726531224708,0.006849315,16,[256],0.2,relu,128,[256, 128],100,softmax,mse,6.04,<class 'tensorflow.python.keras.optimizer_v2.adam.Adam'>,None
100,0.28211284735623526,0.011764706,0.30977176966732495,0.0,16,[512],0.32,relu,128,[512, 256],100,softmax,mse,2.08,<class 'tensorflow.python.keras.optimizer_v2.nadam.Nadam'>,None
100,0.2821228037862217,0.0,0.3098186834217751,0.006849315,16,[128, 256],0.04,sigmoid,16,[512],100,softmax,mse,2.08,<class 'tensorflow.python.keras.optimizer_v2.adam.Adam'>,None
100,0.5487845056197223,0.0019562244,0.5834846169981238,0.0008229797,16,[128, 256],0.16,relu,128,[256],100,sigmoid,binary_crossentropy,6.04,<class 'tensorflow.python.keras.optimizer_v2.adam.Adam'>,None
100,0.04605493427199476,0.0029411765,0.04539314871781493,0.006849315,128,[512],0.12,sigmoid,128,[512, 256],100,sigmoid,mse,4.0600000000000005,<class 'tensorflow.python.keras.optimizer_v2.adam.Adam'>,None
100,0.2821578369421117,0.0,0.30981414571200333,0.006849315,128,[128, 256],0.32,sigmoid,32,[256],100,softmax,mse,7.03,<class 'tensorflow.python.keras.optimizer_v2.nadam.Nadam'>,None
100,0.07722086845075384,0.0,0.07456904853859993,0.006849315,128,[256],0.24,sigmoid,32,[256, 128],100,sigmoid,mse,6.04,<class 'tensorflow.python.keras.optimizer_v2.nadam.Nadam'>,None
100,3.2483472263111786,0.0012380301,3.4901763249750006,0.00088669424,16,[256, 512],0.28,sigmoid,64,[256, 128],100,softmax,binary_crossentropy,9.01,<class 'tensorflow.python.keras.optimizer_v2.nadam.Nadam'>,None
100,3.2482003688812258,0.0012380301,3.490159273147583,0.0008866943,256,[256, 512],0.16,sigmoid,64,[256],100,softmax,binary_crossentropy,4.0600000000000005,<class 'tensorflow.python.keras.optimizer_v2.adam.Adam'>,None
100,0.554268881853889,0.0016370269,0.5772148411567897,0.00083890837,128,[256],0.16,relu,32,[256, 128],100,sigmoid,binary_crossentropy,6.04,<class 'tensorflow.python.keras.optimizer_v2.adam.Adam'>,None
100,0.5536119650391972,0.0016529869,0.5762426853179932,0.0008229797,256,[256],0.2,relu,128,[256],100,sigmoid,binary_crossentropy,3.0700000000000003,<class 'tensorflow.python.keras.optimizer_v2.adam.Adam'>,None
100,0.6886523758663851,0.0012380301,0.6955177604335628,0.0008866943,64,[256, 512],0.16,sigmoid,128,[256, 128],100,sigmoid,binary_crossentropy,3.0700000000000003,<class 'tensorflow.python.keras.optimizer_v2.nadam.Nadam'>,None
100,3.248317337036133,0.0012380301,3.4901937523933304,0.00088669424,16,[128, 256],0.08,relu,32,[512, 256],100,softmax,binary_crossentropy,5.05,<class 'tensorflow.python.keras.optimizer_v2.nadam.Nadam'>,None
100,0.022279274025384117,0.0029411765,0.021775605692847134,0.0,16,[256],0.0,sigmoid,16,[512, 256],100,sigmoid,mse,0.1,<class 'tensorflow.python.keras.optimizer_v2.adam.Adam'>,None
100,0.688776494474972,0.00123803,0.6966520547866821,0.0008866943,256,[128, 256],0.24,relu,16,[512],100,sigmoid,binary_crossentropy,9.01,<class 'tensorflow.python.keras.optimizer_v2.nadam.Nadam'>,None
100,3.2483128098880543,0.00123803,3.4901558275092137,0.0008866943,16,[256],0.04,sigmoid,64,[512, 256],100,softmax,binary_crossentropy,6.04,<class 'tensorflow.python.keras.optimizer_v2.nadam.Nadam'>,None
100,0.02950458616456565,0.0,0.02441299191280587,0.0,16,[512],0.36,sigmoid,128,[256],100,sigmoid,mse,6.04,<class 'tensorflow.python.keras.optimizer_v2.adam.Adam'>,None
100,0.07428296716774212,0.0029411765,0.07270345540895853,0.0,64,[256, 512],0.04,sigmoid,16,[512],100,sigmoid,mse,5.05,<class 'tensorflow.python.keras.optimizer_v2.adam.Adam'>,None
100,3.2482151003444897,0.0012380301,3.490175485610962,0.0008866943,256,[256],0.28,sigmoid,64,[512, 256],100,softmax,binary_crossentropy,2.08,<class 'tensorflow.python.keras.optimizer_v2.nadam.Nadam'>,None
100,0.2822143135701909,0.0,0.30987193731412493,0.006849315,16,[128, 256],0.36,relu,128,[512],100,softmax,mse,7.03,<class 'tensorflow.python.keras.optimizer_v2.nadam.Nadam'>,None
100,0.28218863255837384,0.0029411765,0.30985668424057633,0.0,128,[256, 512],0.2,sigmoid,128,[256],100,softmax,mse,2.08,<class 'tensorflow.python.keras.optimizer_v2.nadam.Nadam'>,None
100,3.248284906499526,0.00123803,3.490164916809291,0.0008866943,16,[256],0.32,relu,32,[256],100,softmax,binary_crossentropy,9.01,<class 'tensorflow.python.keras.optimizer_v2.adam.Adam'>,None
100,0.6886785170611214,0.00123803,0.6948484843724394,0.00088669424,16,[256, 512],0.12,relu,64,[512, 256],100,sigmoid,binary_crossentropy,6.04,<class 'tensorflow.python.keras.optimizer_v2.adam.Adam'>,None
100,0.025474777993033913,0.011764706,0.024704791503409818,0.006849315,64,[256, 512],0.16,relu,128,[256],100,sigmoid,mse,9.01,<class 'tensorflow.python.keras.optimizer_v2.adam.Adam'>,None
100,3.2443752625409297,0.0012380301,3.4880852633959627,0.00088669424,128,[256],0.32,sigmoid,32,[256],100,softmax,binary_crossentropy,1.09,<class 'tensorflow.python.keras.optimizer_v2.nadam.Nadam'>,None
100,0.28221391790053424,0.0,0.30987352867649026,0.0,64,[256, 512],0.16,relu,128,[256],100,softmax,mse,7.03,<class 'tensorflow.python.keras.optimizer_v2.nadam.Nadam'>,None
100,0.01760956888251445,0.00882353,0.023358047085061465,0.0,64,[128, 256],0.16,relu,32,[256],100,sigmoid,mse,4.0600000000000005,<class 'tensorflow.python.keras.optimizer_v2.adam.Adam'>,None
100,0.2822131446179222,0.0029411765,0.3098761986379754,0.0,128,[256],0.16,sigmoid,32,[256, 128],100,softmax,mse,6.04,<class 'tensorflow.python.keras.optimizer_v2.adam.Adam'>,None
100,0.5895157477434944,0.0013725491,0.603016392825401,0.0008070511,64,[128, 256],0.12,sigmoid,32,[512],100,sigmoid,binary_crossentropy,6.04,<class 'tensorflow.python.keras.optimizer_v2.adam.Adam'>,None
100,3.2482015217051785,0.00123803,3.4901659129417104,0.0008866943,128,[256, 512],0.12,relu,16,[256],100,softmax,binary_crossentropy,4.0600000000000005,<class 'tensorflow.python.keras.optimizer_v2.adam.Adam'>,None
100,0.029824230140622923,0.0,0.028481297194957733,0.006849315,256,[256, 512],0.36,sigmoid,16,[512, 256],100,sigmoid,mse,0.1,<class 'tensorflow.python.keras.optimizer_v2.nadam.Nadam'>,None
100,0.02259365261039313,0.0029411765,0.02232936955988407,0.0,256,[256],0.36,sigmoid,32,[512],100,sigmoid,mse,2.08,<class 'tensorflow.python.keras.optimizer_v2.adam.Adam'>,None
100,3.2483090849483713,0.0012380301,3.4901672193448836,0.00088669424,16,[512],0.12,sigmoid,32,[512, 256],100,softmax,binary_crossentropy,4.0600000000000005,<class 'tensorflow.python.keras.optimizer_v2.nadam.Nadam'>,None
100,0.07721802425735137,0.0,0.07433775077535681,0.006849315,128,[512],0.2,relu,128,[512],100,sigmoid,mse,4.0600000000000005,<class 'tensorflow.python.keras.optimizer_v2.nadam.Nadam'>,None
100,0.047696280479431155,0.0,0.05094547498307816,0.0,128,[128, 256],0.36,sigmoid,128,[256],100,sigmoid,mse,6.04,<class 'tensorflow.python.keras.optimizer_v2.adam.Adam'>,None
100,0.2820790637941921,0.005882353,0.3097560234265785,0.006849315,128,[128, 256],0.12,relu,64,[512],100,softmax,mse,4.0600000000000005,<class 'tensorflow.python.keras.optimizer_v2.adam.Adam'>,None
100,0.28207569893668677,0.00882353,0.3097459869842007,0.01369863,64,[512],0.04,relu,64,[512, 256],100,softmax,mse,2.08,<class 'tensorflow.python.keras.optimizer_v2.adam.Adam'>,None
100,3.248200377295999,0.0012380301,3.490161418914795,0.0008866943,256,[512],0.24,sigmoid,64,[512],100,softmax,binary_crossentropy,6.04,<class 'tensorflow.python.keras.optimizer_v2.adam.Adam'>,None
100,0.6887411005356733,0.0012380301,0.6944696233697134,0.00088669424,128,[512],0.04,sigmoid,128,[256, 128],100,sigmoid,binary_crossentropy,2.08,<class 'tensorflow.python.keras.optimizer_v2.nadam.Nadam'>,None
100,0.688962050746469,0.0012380301,0.6944248006768423,0.0008866943,16,[256],0.08,relu,32,[256, 128],100,sigmoid,binary_crossentropy,9.01,<class 'tensorflow.python.keras.optimizer_v2.nadam.Nadam'>,None
100,0.6886091610964606,0.0012380301,0.6950423717498779,0.0008866943,256,[256, 512],0.0,sigmoid,16,[256, 128],100,sigmoid,binary_crossentropy,9.01,<class 'tensorflow.python.keras.optimizer_v2.adam.Adam'>,None
100,0.07725437932154712,0.0,0.07465141093077725,0.006849315,64,[256],0.36,sigmoid,32,[512],100,sigmoid,mse,5.05,<class 'tensorflow.python.keras.optimizer_v2.nadam.Nadam'>,None
100,0.7009232058244593,0.0013201094,0.7085571885108948,0.0008442179,256,[128, 256],0.36,sigmoid,128,[256],100,sigmoid,binary_crossentropy,6.04,<class 'tensorflow.python.keras.optimizer_v2.adam.Adam'>,None
100,0.5465243129169239,0.0018376652,0.5726047884928037,0.00088669424,128,[256, 512],0.36,relu,128,[512],100,sigmoid,binary_crossentropy,2.08,<class 'tensorflow.python.keras.optimizer_v2.adam.Adam'>,None
100,0.031195206699125906,0.0,0.031395114958286285,0.0,256,[128, 256],0.08,sigmoid,32,[256],100,sigmoid,mse,0.1,<class 'tensorflow.python.keras.optimizer_v2.nadam.Nadam'>,None
100,0.5704103294540854,0.001370269,0.5832068511884506,0.0008017415,64,[512],0.08,sigmoid,64,[512],100,sigmoid,binary_crossentropy,1.09,<class 'tensorflow.python.keras.optimizer_v2.adam.Adam'>,None
100,0.2822126367512871,0.0,0.30985409021377563,0.0,256,[256],0.24,relu,32,[512],100,softmax,mse,4.0600000000000005,<class 'tensorflow.python.keras.optimizer_v2.nadam.Nadam'>,None
100,0.2822147930369658,0.0,0.3098733037301939,0.006849315,16,[256],0.24,relu,16,[512],100,softmax,mse,4.0600000000000005,<class 'tensorflow.python.keras.optimizer_v2.nadam.Nadam'>,None
100,3.2482229905969957,0.0012380301,3.4901552200317383,0.0008866943,256,[256],0.2,sigmoid,32,[256, 128],100,softmax,binary_crossentropy,8.020000000000001,<class 'tensorflow.python.keras.optimizer_v2.nadam.Nadam'>,None
100,0.045946631712072035,0.0,0.047489641259794366,0.0,64,[256, 512],0.36,sigmoid,64,[512, 256],100,sigmoid,mse,1.09,<class 'tensorflow.python.keras.optimizer_v2.nadam.Nadam'>,None
100,0.5802578358089223,0.0014432285,0.5877123466909748,0.00084421795,128,[128, 256],0.32,relu,64,[256, 128],100,sigmoid,binary_crossentropy,1.09,<class 'tensorflow.python.keras.optimizer_v2.nadam.Nadam'>,None
100,0.018906410213779,0.0029411765,0.020222612694926458,0.006849315,128,[256, 512],0.0,relu,128,[256, 128],100,sigmoid,mse,9.01,<class 'tensorflow.python.keras.optimizer_v2.adam.Adam'>,None
100,0.28210225596147426,0.005882353,0.3098155194765901,0.006849315,64,[128, 256],0.2,relu,64,[256],100,softmax,mse,3.0700000000000003,<class 'tensorflow.python.keras.optimizer_v2.nadam.Nadam'>,None
100,0.0764090020866955,0.0,0.07403768599033356,0.0,256,[256],0.16,sigmoid,16,[256],100,sigmoid,mse,5.05,<class 'tensorflow.python.keras.optimizer_v2.nadam.Nadam'>,None
100,0.5404325520291048,0.001985864,0.5711091462879965,0.0008760752,128,[512],0.0,relu,64,[512, 256],100,sigmoid,binary_crossentropy,1.09,<class 'tensorflow.python.keras.optimizer_v2.adam.Adam'>,None
100,3.248279666900635,0.0012380301,3.4901537862542558,0.0008866943,16,[256],0.04,sigmoid,64,[512, 256],100,softmax,binary_crossentropy,4.0600000000000005,<class 'tensorflow.python.keras.optimizer_v2.nadam.Nadam'>,None
100,0.2822134266881382,0.0,0.30987346498933555,0.0,128,[512],0.04,sigmoid,128,[256, 128],100,softmax,mse,7.03,<class 'tensorflow.python.keras.optimizer_v2.adam.Adam'>,None
100,0.6889283530852374,0.0012380301,0.6947649962281528,0.0008866943,16,[128, 256],0.12,sigmoid,64,[256],100,sigmoid,binary_crossentropy,6.04,<class 'tensorflow.python.keras.optimizer_v2.nadam.Nadam'>,None
100,0.28221406060106613,0.0,0.3098751294286284,0.0,16,[256, 512],0.36,relu,64,[512, 256],100,softmax,mse,8.020000000000001,<class 'tensorflow.python.keras.optimizer_v2.adam.Adam'>,None
100,3.2482450793771185,0.0012380301,3.490158012468521,0.0008866943,128,[256],0.28,relu,16,[256],100,softmax,binary_crossentropy,9.01,<class 'tensorflow.python.keras.optimizer_v2.nadam.Nadam'>,None
100,0.5575074378181907,0.0017054264,0.5832056770585987,0.00084952754,16,[128, 256],0.24,relu,64,[512, 256],100,sigmoid,binary_crossentropy,5.05,<class 'tensorflow.python.keras.optimizer_v2.adam.Adam'>,None
100,3.2483873563654284,0.0012380301,3.4902992901736742,0.0008866943,16,[256, 512],0.16,relu,64,[512],100,softmax,binary_crossentropy,9.01,<class 'tensorflow.python.keras.optimizer_v2.nadam.Nadam'>,None
100,3.248207700953764,0.0012380301,3.490178108215332,0.0008866943,256,[256, 512],0.36,relu,128,[256, 128],100,softmax,binary_crossentropy,5.05,<class 'tensorflow.python.keras.optimizer_v2.nadam.Nadam'>,None
100,0.06837073923910365,0.0,0.0692068230717966,0.0,64,[128, 256],0.08,sigmoid,128,[256, 128],100,sigmoid,mse,2.08,<class 'tensorflow.python.keras.optimizer_v2.nadam.Nadam'>,None
100,0.2821377715643714,0.0029411765,0.30980297800612777,0.0,128,[256, 512],0.2,relu,32,[512, 256],100,softmax,mse,7.03,<class 'tensorflow.python.keras.optimizer_v2.adam.Adam'>,None
100,0.6888723149019129,0.0012380301,0.6944276698648113,0.00088669424,128,[512],0.36,sigmoid,128,[256, 128],100,sigmoid,binary_crossentropy,7.03,<class 'tensorflow.python.keras.optimizer_v2.nadam.Nadam'>,None
100,3.248214615092558,0.0012380301,3.49019193649292,0.0008866943,256,[256, 512],0.08,sigmoid,64,[512, 256],100,softmax,binary_crossentropy,9.01,<class 'tensorflow.python.keras.optimizer_v2.nadam.Nadam'>,None
100,0.6530748493531171,0.0013315094,0.6608755996782486,0.0008866943,128,[512],0.28,sigmoid,64,[512, 256],100,sigmoid,binary_crossentropy,5.05,<class 'tensorflow.python.keras.optimizer_v2.adam.Adam'>,None
100,0.012356413185925168,0.00882353,0.02205161649609393,0.0,16,[512],0.08,relu,64,[256, 128],100,sigmoid,mse,6.04,<class 'tensorflow.python.keras.optimizer_v2.adam.Adam'>,None
100,0.6886294252732221,0.00123803,0.6950333526689713,0.0008866943,64,[256, 512],0.2,sigmoid,32,[512, 256],100,sigmoid,binary_crossentropy,4.0600000000000005,<class 'tensorflow.python.keras.optimizer_v2.adam.Adam'>,None
100,0.28219398856163025,0.0029411765,0.3098597644943081,0.0,64,[512],0.36,sigmoid,16,[256],100,softmax,mse,2.08,<class 'tensorflow.python.keras.optimizer_v2.adam.Adam'>,None
100,3.2453936156104595,0.0012380301,3.4886800263025988,0.0008866943,128,[256],0.16,relu,128,[256],100,softmax,binary_crossentropy,6.04,<class 'tensorflow.python.keras.optimizer_v2.adam.Adam'>,None
100,0.07626597425516914,0.0,0.07329749050613953,0.0,64,[256, 512],0.28,sigmoid,16,[256, 128],100,sigmoid,mse,2.08,<class 'tensorflow.python.keras.optimizer_v2.nadam.Nadam'>,None
100,0.022176493967280667,0.0,0.022267307247328637,0.0,16,[512],0.36,relu,128,[512],100,sigmoid,mse,4.0600000000000005,<class 'tensorflow.python.keras.optimizer_v2.nadam.Nadam'>,None
100,0.2822139289449243,0.0,0.30987422678568594,0.006849315,64,[128, 256],0.36,sigmoid,16,[256, 128],100,softmax,mse,1.09,<class 'tensorflow.python.keras.optimizer_v2.nadam.Nadam'>,None
100,0.013458140654598966,0.0029411765,0.01898544090353463,0.0,64,[128, 256],0.16,relu,64,[256, 128],100,sigmoid,mse,6.04,<class 'tensorflow.python.keras.optimizer_v2.adam.Adam'>,None
100,0.07720226110780941,0.0,0.07444392828500435,0.006849315,128,[256, 512],0.28,sigmoid,32,[512, 256],100,sigmoid,mse,8.020000000000001,<class 'tensorflow.python.keras.optimizer_v2.adam.Adam'>,None
100,3.233115687089808,0.0012380301,3.4844131469726562,0.0008866943,256,[256],0.08,relu,128,[256, 128],100,softmax,binary_crossentropy,0.1,<class 'tensorflow.python.keras.optimizer_v2.nadam.Nadam'>,None
100,0.28224114425042096,0.0,0.30986134646690056,0.0,128,[256],0.04,relu,32,[512],100,softmax,mse,0.1,<class 'tensorflow.python.keras.optimizer_v2.adam.Adam'>,None
100,0.022236328166635597,0.0029411765,0.021812534954858152,0.0,64,[256],0.16,sigmoid,64,[512, 256],100,sigmoid,mse,2.08,<class 'tensorflow.python.keras.optimizer_v2.adam.Adam'>,None
100,0.6889333640827852,0.00124031,0.6939128041267395,0.0008866943,256,[256],0.16,sigmoid,128,[512, 256],100,sigmoid,binary_crossentropy,9.01,<class 'tensorflow.python.keras.optimizer_v2.nadam.Nadam'>,None
